case,day,source_day,annotation_schedule,displayed_rate_m3_s,displayed_mass_Mt,implemented_rate_m3_s,simulated_mass_Mt
pof_eps0,8,8,implemented,0.0001,4.8384e-05,0.0001,4.8384e-05
pof_eps0,16,16,implemented,0.0001,9.6768e-05,0.0001,9.6768e-05
pof_eps0,24,24,implemented,0.0001,0.000145152,0.0001,0.000145152
pof_eps0,32,32,implemented,0.0001,0.000193536,0.0001,0.000193536
pof_eps0,40,40,implemented,0.0001,0.00024192000000000004,0.0001,0.00024192000000000004
pof_eps0,48,48,implemented,0.0001,0.000290304,0.0001,0.000290304
pof_eps0,56,56,implemented,0.0001,0.000338688,0.0001,0.000338688
pof_eps0,64,64,implemented,0.0001,0.000387072,0.0001,0.000387072
pof_eps0,72,72,implemented,0.0001,0.000435456,0.0001,0.000435456
pof_eps0,80,80,implemented,0.0001,0.0004838400000000001,0.0001,0.0004838400000000001
pof_eps0,88,88,implemented,0.00534,0.0030675456000000007,0.00534,0.0030675456000000007
pof_eps0,96,96,implemented,0.00534,0.0056512511999999996,0.00534,0.0056512511999999996
pof_eps0,104,104,implemented,0.00534,0.0082349568,0.00534,0.0082349568
pof_eps0,112,112,implemented,0.00534,0.0108186624,0.00534,0.0108186624
pof_eps0,120,120,implemented,0.00534,0.013402368000000001,0.00534,0.013402368000000001
pof_eps0,128,128,implemented,0.00534,0.0159860736,0.00534,0.0159860736
pof_eps0,136,136,implemented,0.00534,0.0185697792,0.00534,0.0185697792
pof_eps0,144,144,implemented,0.00534,0.0211534848,0.00534,0.0211534848
pof_eps0,152,152,implemented,0.00534,0.0237371904,0.00534,0.0237371904
pof_eps0,160,160,implemented,0.00534,0.026320896000000003,0.00534,0.026320896000000003
pof_eps0,168,168,implemented,0.01058,0.031439923200000004,0.01058,0.031439923200000004
pof_eps0,176,176,implemented,0.01058,0.0365589504,0.01058,0.0365589504
pof_eps0,184,184,implemented,0.01058,0.041677977600000006,0.01058,0.041677977600000006
pof_eps0,192,192,implemented,0.01058,0.04679700480000001,0.01058,0.04679700480000001
pof_eps0,200,200,implemented,0.01058,0.05191603200000001,0.01058,0.05191603200000001
pof_eps0,208,208,implemented,0.01058,0.0570350592,0.01058,0.0570350592
pof_eps0,216,216,implemented,0.01058,0.0621540864,0.01058,0.0621540864
pof_eps0,224,224,implemented,0.01058,0.0672731136,0.01058,0.0672731136
pof_eps0,232,232,implemented,0.01058,0.07239214080000002,0.01058,0.07239214080000002
pof_eps0,240,240,implemented,0.01058,0.077511168,0.01058,0.077511168
pof_eps0,248,248,implemented,0.01582,0.0851655168,0.01582,0.0851655168
pof_eps0,256,256,implemented,0.01582,0.09281986560000001,0.01582,0.09281986560000001
pof_eps0,264,264,implemented,0.01582,0.10047421440000001,0.01582,0.10047421440000001
pof_eps0,272,272,implemented,0.01582,0.10812856320000001,0.01582,0.10812856320000001
pof_eps0,280,280,implemented,0.01582,0.115782912,0.01582,0.115782912
pof_eps0,288,288,implemented,0.01582,0.12343726080000002,0.01582,0.12343726080000002
pof_eps0,296,296,implemented,0.01582,0.13109160960000002,0.01582,0.13109160960000002
pof_eps0,304,304,implemented,0.01582,0.1387459584,0.01582,0.1387459584
pof_eps0,312,312,implemented,0.01582,0.1464003072,0.01582,0.1464003072
pof_eps0,320,320,implemented,0.01582,0.154054656,0.01582,0.154054656
pof_eps0,328,328,implemented,0.02106,0.16424432640000003,0.02106,0.16424432640000003
pof_eps0,336,336,implemented,0.02106,0.17443399680000002,0.02106,0.17443399680000002
pof_eps0,344,344,implemented,0.02106,0.1846236672,0.02106,0.1846236672
pof_eps0,352,352,implemented,0.02106,0.1948133376,0.02106,0.1948133376
pof_eps0,360,360,implemented,0.02106,0.205003008,0.02106,0.205003008
pof_eps0,368,368,implemented,0.02106,0.2151926784,0.02106,0.2151926784
pof_eps0,376,376,implemented,0.02106,0.2253823488,0.02106,0.2253823488
pof_eps0,384,384,implemented,0.02106,0.2355720192,0.02106,0.2355720192
pof_eps0,392,392,implemented,0.02106,0.24576168960000003,0.02106,0.24576168960000003
pof_eps0,400,400,implemented,0.02106,0.25595136,0.02106,0.25595136
pof_eps0,408,408,implemented,0.0263,0.268676352,0.0263,0.268676352
pof_eps0,416,416,implemented,0.0263,0.281401344,0.0263,0.281401344
pof_eps0,424,424,implemented,0.0263,0.294126336,0.0263,0.294126336
pof_eps0,432,432,implemented,0.0263,0.306851328,0.0263,0.306851328
pof_eps0,440,440,implemented,0.0263,0.31957632,0.0263,0.31957632
pof_eps0,448,448,implemented,0.0263,0.332301312,0.0263,0.332301312
pof_eps0,456,456,implemented,0.0263,0.345026304,0.0263,0.345026304
pof_eps0,464,464,implemented,0.0263,0.357751296,0.0263,0.357751296
pof_eps0,472,472,implemented,0.0263,0.37047628800000004,0.0263,0.37047628800000004
pof_eps0,480,480,implemented,0.0263,0.38320128,0.0263,0.38320128
pof_eps0,560,560,implemented,0.0263,0.5104512000000001,0.0263,0.5104512000000001
pof_eps0,640,640,implemented,0.03002,0.655699968,0.03002,0.655699968
pof_eps0,720,720,implemented,0.03373,0.8188992,0.03373,0.8188992
pof_eps0,728,728,implemented,0.03745,0.8370190080000001,0.03745,0.8370190080000001
pof_eps0,800,800,implemented,0.03745,1.00009728,0.03745,1.00009728
pof_eps0,880,880,implemented,0.04117,1.199294208,0.04117,1.199294208
pof_eps0,960,960,implemented,0.04489,1.416489984,0.04489,1.416489984
pof_eps0,1040,1040,implemented,0.04489,1.6336857599999997,0.04489,1.6336857599999997
pof_eps0,1120,1120,implemented,0.04831,1.867428864,0.04831,1.867428864
pof_eps0,1200,1200,implemented,0.05174,2.11776768,0.05174,2.11776768
pof_eps0,1280,1280,implemented,0.05516,2.384653824,0.05516,2.384653824
pof_eps0,1360,1360,implemented,0.05859,2.66813568,0.05859,2.66813568
pof_eps0,1440,1440,implemented,0.06201,2.9681648639999993,0.06201,2.9681648639999993
pof_eps0,1520,1520,implemented,0.06201,3.268194048,0.06201,3.268194048
pof_eps0,1600,1600,implemented,0.06425,3.579061248,0.06425,3.579061248
pof_eps0,1680,1680,implemented,0.0665,3.9008148480000004,0.0665,3.9008148480000004
pof_eps0,1760,1760,implemented,0.06874,4.233406464000001,0.06874,4.233406464000001
pof_eps0,1840,1840,implemented,0.07099,4.5768844799999995,0.07099,4.5768844799999995
pof_eps0,1920,1920,implemented,0.07323,4.931200512,0.07323,4.931200512
cvar_alpha001_gamma01,8,8,base,0.0001,4.8384e-05,0.000122,5.902848e-05
cvar_alpha001_gamma01,16,16,base,0.0001,9.6768e-05,0.000122,0.00011805696
cvar_alpha001_gamma01,24,24,base,0.0001,0.000145152,0.000122,0.00017708544
cvar_alpha001_gamma01,32,32,base,0.0001,0.000193536,0.000122,0.00023611392
cvar_alpha001_gamma01,40,40,base,0.0001,0.00024192000000000004,0.000122,0.0002951424
cvar_alpha001_gamma01,48,48,base,0.0001,0.000290304,0.000122,0.00035417088
cvar_alpha001_gamma01,56,56,base,0.0001,0.000338688,0.000122,0.0004131993599999999
cvar_alpha001_gamma01,64,64,base,0.0001,0.000387072,0.000122,0.00047222784
cvar_alpha001_gamma01,72,72,base,0.0001,0.000435456,0.000122,0.0005312563199999999
cvar_alpha001_gamma01,80,80,base,0.0001,0.0004838400000000001,0.000122,0.0005902848
cvar_alpha001_gamma01,88,88,base,0.01502,0.0077511168,0.0183244,0.009456362496
cvar_alpha001_gamma01,96,96,base,0.01502,0.0150183936,0.0183244,0.018322440192
cvar_alpha001_gamma01,104,104,base,0.01502,0.022285670400000002,0.0183244,0.027188517888
cvar_alpha001_gamma01,112,112,base,0.01502,0.0295529472,0.0183244,0.036054595583999996
cvar_alpha001_gamma01,120,120,base,0.01502,0.036820224,0.0183244,0.044920673280000004
cvar_alpha001_gamma01,128,128,base,0.01502,0.044087500800000005,0.0183244,0.053786750976
cvar_alpha001_gamma01,136,136,base,0.01502,0.05135477759999999,0.0183244,0.062652828672
cvar_alpha001_gamma01,144,144,base,0.01502,0.0586220544,0.0183244,0.071518906368
cvar_alpha001_gamma01,152,152,base,0.01502,0.0658893312,0.0183244,0.08038498406399999
cvar_alpha001_gamma01,160,160,base,0.01502,0.073156608,0.0183244,0.08925106176
cvar_alpha001_gamma01,168,168,base,0.02994,0.0876427776,0.0365268,0.106924188672
cvar_alpha001_gamma01,176,176,base,0.02994,0.10212894719999999,0.0365268,0.12459731558400002
cvar_alpha001_gamma01,184,184,base,0.02994,0.1166151168,0.0365268,0.142270442496
cvar_alpha001_gamma01,192,192,base,0.02994,0.1311012864,0.0365268,0.159943569408
cvar_alpha001_gamma01,200,200,base,0.02994,0.145587456,0.0365268,0.17761669632000002
cvar_alpha001_gamma01,208,208,base,0.02994,0.1600736256,0.0365268,0.195289823232
cvar_alpha001_gamma01,216,216,base,0.02994,0.17455979519999998,0.0365268,0.212962950144
cvar_alpha001_gamma01,224,224,base,0.02994,0.1890459648,0.0365268,0.230636077056
cvar_alpha001_gamma01,232,232,base,0.02994,0.20353213440000004,0.0365268,0.24830920396800002
cvar_alpha001_gamma01,240,240,base,0.02994,0.21801830399999997,0.0365268,0.26598233088
cvar_alpha001_gamma01,248,248,base,0.04486,0.2397233664,0.0547292,0.292462507008
cvar_alpha001_gamma01,256,256,base,0.04486,0.2614284288,0.0547292,0.318942683136
cvar_alpha001_gamma01,264,264,base,0.04486,0.28313349120000003,0.0547292,0.34542285926399996
cvar_alpha001_gamma01,272,272,base,0.04486,0.30483855359999995,0.0547292,0.37190303539200004
cvar_alpha001_gamma01,280,280,base,0.04486,0.32654361600000004,0.0547292,0.39838321152
cvar_alpha001_gamma01,288,288,base,0.04486,0.34824867839999996,0.0547292,0.42486338764799986
cvar_alpha001_gamma01,296,296,base,0.04486,0.36995374079999993,0.0547292,0.45134356377600005
cvar_alpha001_gamma01,304,304,base,0.04486,0.39165880319999996,0.0547292,0.477823739904
cvar_alpha001_gamma01,312,312,base,0.04486,0.4133638656,0.0547292,0.504303916032
cvar_alpha001_gamma01,320,320,base,0.04486,0.435068928,0.0547292,0.53078409216
cvar_alpha001_gamma01,328,328,base,0.05978,0.46399288319999993,0.0729316,0.566071317504
cvar_alpha001_gamma01,336,336,base,0.05978,0.4929168383999999,0.0729316,0.6013585428479999
cvar_alpha001_gamma01,344,344,base,0.05978,0.5218407936,0.0729316,0.636645768192
cvar_alpha001_gamma01,352,352,base,0.05978,0.5507647487999999,0.0729316,0.671932993536
cvar_alpha001_gamma01,360,360,base,0.05978,0.579688704,0.0729316,0.7072202188799999
cvar_alpha001_gamma01,368,368,base,0.05978,0.6086126592000001,0.0729316,0.742507444224
cvar_alpha001_gamma01,376,376,base,0.05978,0.6375366144000001,0.0729316,0.777794669568
cvar_alpha001_gamma01,384,384,base,0.05978,0.6664605696,0.0729316,0.8130818949120001
cvar_alpha001_gamma01,392,392,base,0.05978,0.6953845247999999,0.0729316,0.8483691202560001
cvar_alpha001_gamma01,400,400,base,0.05978,0.7243084799999999,0.0729316,0.8836563456000001
cvar_alpha001_gamma01,408,408,base,0.0747,0.7604513279999999,0.091134,0.92775062016
cvar_alpha001_gamma01,416,416,base,0.0747,0.796594176,0.091134,0.9718448947199999
cvar_alpha001_gamma01,424,424,base,0.0747,0.832737024,0.091134,1.01593916928
cvar_alpha001_gamma01,432,432,base,0.0747,0.868879872,0.091134,1.06003344384
cvar_alpha001_gamma01,440,440,base,0.0747,0.9050227200000002,0.091134,1.1041277183999998
cvar_alpha001_gamma01,448,448,base,0.0747,0.941165568,0.091134,1.14822199296
cvar_alpha001_gamma01,456,456,base,0.0747,0.9773084159999998,0.091134,1.19231626752
cvar_alpha001_gamma01,464,464,base,0.0747,1.013451264,0.091134,1.23641054208
cvar_alpha001_gamma01,472,472,base,0.0747,1.049594112,0.091134,1.28050481664
cvar_alpha001_gamma01,480,480,base,0.0747,1.0857369599999998,0.091134,1.3245990912
cvar_alpha001_gamma01,560,560,base,0.0747,1.4471654400000002,0.091134,1.7655418368000002
cvar_alpha001_gamma01,640,640,base,0.08282,1.847881728,0.1010404,2.2544157081600003
cvar_alpha001_gamma01,720,720,base,0.09094,2.287885824,0.11094679999999998,2.79122070528
cvar_alpha001_gamma01,728,728,base,0.09906,2.3358150143999996,0.1208532,2.8496943175680003
cvar_alpha001_gamma01,800,800,base,0.09906,2.767177728,0.1208532,3.3759568281599996
cvar_alpha001_gamma01,880,880,base,0.10717,3.285709056,0.13074739999999999,4.00856504832
cvar_alpha001_gamma01,960,960,base,0.11529,3.8435281920000004,0.1406538,4.68910439424
cvar_alpha001_gamma01,1040,1040,base,0.11529,4.401347328000001,0.1406538,5.36964374016
cvar_alpha001_gamma01,1120,1120,base,0.11596,4.962408192,0.1414712,6.054137994239999
cvar_alpha001_gamma01,1200,1200,base,0.11664,5.526759168,0.14230079999999998,6.742646184959999
cvar_alpha001_gamma01,1280,1280,base,0.11731,6.094351872000001,0.1431182,7.435109283839999
cvar_alpha001_gamma01,1360,1360,base,0.11798,6.665186304,0.1439356,8.131527290879998
cvar_alpha001_gamma01,1440,1440,base,0.11866,7.239310847999999,0.1447652,8.83195923456
cvar_alpha001_gamma01,1520,1520,base,0.11866,7.813435392,0.1447652,9.532391178239997
cvar_alpha001_gamma01,1600,1600,base,0.11897,8.38905984,0.1451434,10.234653004799998
cvar_alpha001_gamma01,1680,1680,base,0.11928,8.966184192,0.1455216,10.938744714239999
cvar_alpha001_gamma01,1760,1760,base,0.1196,9.544856832,0.145912,11.644725335039999
cvar_alpha001_gamma01,1840,1840,base,0.11991,10.125029376000002,0.1462902,12.35253583872
cvar_alpha001_gamma01,1920,1920,base,0.12022,10.706701823999998,0.14666839999999998,13.062176225279998
no_control,8,8,implemented,0.0,0.0,0.0,0.0
no_control,16,16,implemented,0.0,0.0,0.0,0.0
no_control,24,24,implemented,0.0,0.0,0.0,0.0
no_control,32,32,implemented,0.0,0.0,0.0,0.0
no_control,40,40,implemented,0.0,0.0,0.0,0.0
no_control,48,48,implemented,0.0,0.0,0.0,0.0
no_control,56,56,implemented,0.0,0.0,0.0,0.0
no_control,64,64,implemented,0.0,0.0,0.0,0.0
no_control,72,72,implemented,0.0,0.0,0.0,0.0
no_control,80,80,implemented,0.0,0.0,0.0,0.0
no_control,88,88,implemented,0.022222222222222223,0.010752,0.022222222222222223,0.010752
no_control,96,96,implemented,0.022222222222222223,0.021504,0.022222222222222223,0.021504
no_control,104,104,implemented,0.022222222222222223,0.032256,0.022222222222222223,0.032256
no_control,112,112,implemented,0.022222222222222223,0.043008,0.022222222222222223,0.043008
no_control,120,120,implemented,0.022222222222222223,0.05376,0.022222222222222223,0.05376
no_control,128,128,implemented,0.022222222222222223,0.064512,0.022222222222222223,0.064512
no_control,136,136,implemented,0.022222222222222223,0.075264,0.022222222222222223,0.075264
no_control,144,144,implemented,0.022222222222222223,0.086016,0.022222222222222223,0.086016
no_control,152,152,implemented,0.022222222222222223,0.096768,0.022222222222222223,0.096768
no_control,160,160,implemented,0.022222222222222223,0.10752,0.022222222222222223,0.10752
no_control,168,168,implemented,0.044444444444444446,0.129024,0.044444444444444446,0.129024
no_control,176,176,implemented,0.044444444444444446,0.150528,0.044444444444444446,0.150528
no_control,184,184,implemented,0.044444444444444446,0.172032,0.044444444444444446,0.172032
no_control,192,192,implemented,0.044444444444444446,0.193536,0.044444444444444446,0.193536
no_control,200,200,implemented,0.044444444444444446,0.21504,0.044444444444444446,0.21504
no_control,208,208,implemented,0.044444444444444446,0.236544,0.044444444444444446,0.236544
no_control,216,216,implemented,0.044444444444444446,0.258048,0.044444444444444446,0.258048
no_control,224,224,implemented,0.044444444444444446,0.2795520000000001,0.044444444444444446,0.2795520000000001
no_control,232,232,implemented,0.044444444444444446,0.301056,0.044444444444444446,0.301056
no_control,240,240,implemented,0.044444444444444446,0.32256000000000007,0.044444444444444446,0.32256000000000007
no_control,248,248,implemented,0.06666666666666667,0.3548160000000001,0.06666666666666667,0.3548160000000001
no_control,256,256,implemented,0.06666666666666667,0.387072,0.06666666666666667,0.387072
no_control,264,264,implemented,0.06666666666666667,0.419328,0.06666666666666667,0.419328
no_control,272,272,implemented,0.06666666666666667,0.451584,0.06666666666666667,0.451584
no_control,280,280,implemented,0.06666666666666667,0.48384,0.06666666666666667,0.48384
no_control,288,288,implemented,0.06666666666666667,0.5160960000000001,0.06666666666666667,0.5160960000000001
no_control,296,296,implemented,0.06666666666666667,0.5483520000000002,0.06666666666666667,0.5483520000000002
no_control,304,304,implemented,0.06666666666666667,0.5806080000000001,0.06666666666666667,0.5806080000000001
no_control,312,312,implemented,0.06666666666666667,0.6128640000000001,0.06666666666666667,0.6128640000000001
no_control,320,320,implemented,0.06666666666666667,0.6451200000000001,0.06666666666666667,0.6451200000000001
no_control,328,328,implemented,0.08888888888888889,0.688128,0.08888888888888889,0.688128
no_control,336,336,implemented,0.08888888888888889,0.7311360000000001,0.08888888888888889,0.7311360000000001
no_control,344,344,implemented,0.08888888888888889,0.774144,0.08888888888888889,0.774144
no_control,352,352,implemented,0.08888888888888889,0.8171520000000001,0.08888888888888889,0.8171520000000001
no_control,360,360,implemented,0.08888888888888889,0.86016,0.08888888888888889,0.86016
no_control,368,368,implemented,0.08888888888888889,0.903168,0.08888888888888889,0.903168
no_control,376,376,implemented,0.08888888888888889,0.946176,0.08888888888888889,0.946176
no_control,384,384,implemented,0.08888888888888889,0.9891840000000002,0.08888888888888889,0.9891840000000002
no_control,392,392,implemented,0.08888888888888889,1.0321920000000002,0.08888888888888889,1.0321920000000002
no_control,400,400,implemented,0.08888888888888889,1.0752,0.08888888888888889,1.0752
no_control,408,408,implemented,0.1111111111111111,1.12896,0.1111111111111111,1.12896
no_control,416,416,implemented,0.1111111111111111,1.1827200000000002,0.1111111111111111,1.1827200000000002
no_control,424,424,implemented,0.1111111111111111,1.2364800000000002,0.1111111111111111,1.2364800000000002
no_control,432,432,implemented,0.1111111111111111,1.2902400000000003,0.1111111111111111,1.2902400000000003
no_control,440,440,implemented,0.1111111111111111,1.3440000000000003,0.1111111111111111,1.3440000000000003
no_control,448,448,implemented,0.1111111111111111,1.3977600000000003,0.1111111111111111,1.3977600000000003
no_control,456,456,implemented,0.1111111111111111,1.45152,0.1111111111111111,1.45152
no_control,464,464,implemented,0.1111111111111111,1.50528,0.1111111111111111,1.50528
no_control,472,472,implemented,0.1111111111111111,1.55904,0.1111111111111111,1.55904
no_control,480,480,implemented,0.1111111111111111,1.6128,0.1111111111111111,1.6128
no_control,560,560,implemented,0.13333333333333333,2.2579199999999995,0.13333333333333333,2.2579199999999995
no_control,640,640,implemented,0.15555555555555556,3.0105600000000003,0.15555555555555556,3.0105600000000003
no_control,720,720,implemented,0.17777777777777778,3.87072,0.17777777777777778,3.87072
no_control,728,728,implemented,0.2,3.9674880000000003,0.2,3.9674880000000003
no_control,800,728,implemented,0.2,3.9674880000000003,0.2,3.9674880000000003
no_control,880,728,implemented,0.2,3.9674880000000003,0.2,3.9674880000000003
no_control,960,728,implemented,0.2,3.9674880000000003,0.2,3.9674880000000003
no_control,1040,728,implemented,0.2,3.9674880000000003,0.2,3.9674880000000003
no_control,1120,728,implemented,0.2,3.9674880000000003,0.2,3.9674880000000003
no_control,1200,728,implemented,0.2,3.9674880000000003,0.2,3.9674880000000003
no_control,1280,728,implemented,0.2,3.9674880000000003,0.2,3.9674880000000003
no_control,1360,728,implemented,0.2,3.9674880000000003,0.2,3.9674880000000003
no_control,1440,728,implemented,0.2,3.9674880000000003,0.2,3.9674880000000003
no_control,1520,728,implemented,0.2,3.9674880000000003,0.2,3.9674880000000003
no_control,1600,728,implemented,0.2,3.9674880000000003,0.2,3.9674880000000003
no_control,1680,728,implemented,0.2,3.9674880000000003,0.2,3.9674880000000003
no_control,1760,728,implemented,0.2,3.9674880000000003,0.2,3.9674880000000003
no_control,1840,728,implemented,0.2,3.9674880000000003,0.2,3.9674880000000003
no_control,1920,728,implemented,0.2,3.9674880000000003,0.2,3.9674880000000003
