step,scope,case,source_file,samples_used,observed_min,observed_max,grid_points,grid_spacing,q_grid,q_direct,signed_change_direct_minus_grid,absolute_change,relative_change_percent_vs_grid,signed_change_grid_minus_1500,absolute_change_vs_1500,relative_change_percent_vs_1500,upper_cdf_at_direct_crossing,bootstrap_replicates,confidence,threshold,seed
step1,primary-12-case,PoF eps=0.0,scripts/julia_scripts/plotting/bootstrap_ecdf/plot_bootstrap_panels.jl,128,0.02619405681818183,0.20175909090909092,250,0.0007755885040160657,0.026722867161829148,0.02619405681818183,-0.0005288103436473165,0.0005288103436473165,1.9788682870177472,0.00041754497847962604,0.00041754497847962604,1.5873022788670479,0.0234375,10000,0.95,0.01,42
step1,primary-12-case,PoF eps=0.0,scripts/julia_scripts/plotting/bootstrap_ecdf/plot_bootstrap_panels.jl,128,0.02619405681818183,0.20175909090909092,500,0.0003870171092184363,0.026317198625660426,0.02619405681818183,-0.00012314180747859463,0.00012314180747859463,0.46791381267505405,1.1876442310904123e-05,1.1876442310904123e-05,0.045148438890520615,0.0234375,10000,0.95,0.01,42
step1,primary-12-case,PoF eps=0.0,scripts/julia_scripts/plotting/bootstrap_ecdf/plot_bootstrap_panels.jl,128,0.02619405681818183,0.20175909090909092,1000,0.00019331485235235188,0.026308288321844585,0.02619405681818183,-0.00011423150366275323,0.00011423150366275323,0.43420348091556865,2.96613849506272e-06,2.96613849506272e-06,0.011275811314488278,0.0234375,10000,0.95,0.01,42
step1,primary-12-case,PoF eps=0.0,scripts/julia_scripts/plotting/bootstrap_ecdf/plot_bootstrap_panels.jl,128,0.02619405681818183,0.20175909090909092,1500,0.00012883358072048046,0.026305322183349522,0.02619405681818183,-0.0001112653651676905,0.0001112653651676905,0.4229766295663093,0.0,0.0,0.0,0.0234375,10000,0.95,0.01,42
step1,primary-12-case,PoF eps=0.0,scripts/julia_scripts/plotting/bootstrap_ecdf/plot_bootstrap_panels.jl,128,0.02619405681818183,0.20175909090909092,3000,6.439531093697937e-05,0.0262379627120025,0.02619405681818183,-4.390589382066712e-05,4.390589382066712e-05,0.16733728263354253,-6.735947134702339e-05,6.735947134702339e-05,0.25606784390445486,0.0234375,10000,0.95,0.01,42
step1,primary-12-case,PoF eps=0.0,scripts/julia_scripts/plotting/bootstrap_ecdf/plot_bootstrap_panels.jl,128,0.02619405681818183,0.20175909090909092,6000,3.219228829804896e-05,0.026204299819003938,0.02619405681818183,-1.024300082210633e-05,1.024300082210633e-05,0.03908900788365228,-0.00010102236434558418,0.00010102236434558418,0.3840377382244278,0.0234375,10000,0.95,0.01,42
step1,primary-12-case,PoF eps=0.01,scripts/julia_scripts/plotting/bootstrap_ecdf/plot_bootstrap_panels.jl,128,0.04510340909090911,0.36937272727272724,250,0.0014325150602409638,0.046080123904709766,0.04510340909090911,-0.0009767148138006554,0.0009767148138006554,2.1196011013781737,0.0007712072405700182,0.0007712072405700182,1.7021092035519774,0.0234375,10000,0.95,0.01,42
step1,primary-12-case,PoF eps=0.01,scripts/julia_scripts/plotting/bootstrap_ecdf/plot_bootstrap_panels.jl,128,0.04510340909090911,0.36937272727272724,500,0.000714822144288578,0.045330852500455474,0.04510340909090911,-0.00022744340954636288,0.00022744340954636288,0.501740860805734,2.193583631572571e-05,2.193583631572571e-05,0.048413950124495196,0.0234375,10000,0.95,0.01,42
step1,primary-12-case,PoF eps=0.01,scripts/julia_scripts/plotting/bootstrap_ecdf/plot_bootstrap_panels.jl,128,0.04510340909090911,0.36937272727272724,1000,0.00035705330330330215,0.045314395133770155,0.04510340909090911,-0.0002109860428610444,0.0002109860428610444,0.4656048971595097,5.478469630407212e-06,5.478469630407212e-06,0.0120913719279967,0.0234375,10000,0.95,0.01,42
step1,primary-12-case,PoF eps=0.01,scripts/julia_scripts/plotting/bootstrap_ecdf/plot_bootstrap_panels.jl,128,0.04510340909090911,0.36937272727272724,1500,0.00023795613742495086,0.04530891666413975,0.04510340909090911,-0.00020550757323063717,0.00020550757323063717,0.4535698232513435,0.0,0.0,0.0,0.0234375,10000,0.95,0.01,42
step1,primary-12-case,PoF eps=0.01,scripts/julia_scripts/plotting/bootstrap_ecdf/plot_bootstrap_panels.jl,128,0.04510340909090911,0.36937272727272724,3000,0.00011893839613204282,0.045184503451908234,0.04510340909090911,-8.109436099912326e-05,8.109436099912326e-05,0.17947383461994973,-0.00012441321223151391,0.00012441321223151391,0.27458880368680755,0.0234375,10000,0.95,0.01,42
step1,primary-12-case,PoF eps=0.01,scripts/julia_scripts/plotting/bootstrap_ecdf/plot_bootstrap_panels.jl,128,0.04510340909090911,0.36937272727272724,6000,5.945928488081467e-05,0.045122327954280284,0.04510340909090911,-1.8918863371172878e-05,1.8918863371172878e-05,0.04192794172841041,-0.0001865887098594643,0.0001865887098594643,0.41181454688618063,0.0234375,10000,0.95,0.01,42
step1,primary-12-case,PoF eps=0.05,scripts/julia_scripts/plotting/bootstrap_ecdf/plot_bootstrap_panels.jl,128,0.0814821022727273,0.7557363636363638,250,0.0029786332831325327,0.08351298860213585,0.0814821022727273,-0.0020308863294085516,0.0020308863294085516,2.4318209219932188,0.0016035737554956353,0.0016035737554956353,1.9577404606027546,0.0234375,10000,0.95,0.01,42
step1,primary-12-case,PoF eps=0.05,scripts/julia_scripts/plotting/bootstrap_ecdf/plot_bootstrap_panels.jl,128,0.0814821022727273,0.7557363636363638,500,0.0014863320390781573,0.08195502610334308,0.0814821022727273,-0.0004729238306157846,0.0004729238306157846,0.5770528704602453,4.561125670286825e-05,4.561125670286825e-05,0.05568499883470862,0.0234375,10000,0.95,0.01,42
step1,primary-12-case,PoF eps=0.05,scripts/julia_scripts/plotting/bootstrap_ecdf/plot_bootstrap_panels.jl,128,0.0814821022727273,0.7557363636363638,1000,0.0007424221096096126,0.08192080624658753,0.0814821022727273,-0.0004387039738602272,0.0004387039738602272,0.5355220412988816,1.1391399947310865e-05,1.1391399947310865e-05,0.013907314523781049,0.0234375,10000,0.95,0.01,42
step1,primary-12-case,PoF eps=0.05,scripts/julia_scripts/plotting/bootstrap_ecdf/plot_bootstrap_panels.jl,128,0.0814821022727273,0.7557363636363638,1500,0.0004947829803202131,0.08190941484664022,0.0814821022727273,-0.0004273125739129163,0.0004273125739129163,0.5216892035097281,0.0,0.0,0.0,0.0234375,10000,0.95,0.01,42
step1,primary-12-case,PoF eps=0.05,scripts/julia_scripts/plotting/bootstrap_ecdf/plot_bootstrap_panels.jl,128,0.0814821022727273,0.7557363636363638,3000,0.0002473089988329416,0.08165072204465887,0.0814821022727273,-0.00016861977193156907,0.00016861977193156907,0.2065135098736083,-0.00025869280198134725,0.00025869280198134725,0.3158279209608569,0.0234375,10000,0.95,0.01,42
step1,primary-12-case,PoF eps=0.05,scripts/julia_scripts/plotting/bootstrap_ecdf/plot_bootstrap_panels.jl,128,0.0814821022727273,0.7557363636363638,6000,0.00012363388689781707,0.08152144032764934,0.0814821022727273,-3.933805492203901e-05,3.933805492203901e-05,0.048254857573581,-0.0003879745189908773,0.0003879745189908773,0.4736629112993735,0.0234375,10000,0.95,0.01,42
step1,primary-12-case,CVaR gamma=0.0 alpha=0.0,scripts/julia_scripts/plotting/bootstrap_ecdf/plot_bootstrap_panels.jl,128,0.02619405681818183,0.20175909090909092,250,0.0007755885040160657,0.026722867161829148,0.02619405681818183,-0.0005288103436473165,0.0005288103436473165,1.9788682870177472,0.00041754497847962604,0.00041754497847962604,1.5873022788670479,0.0234375,10000,0.95,0.01,42
step1,primary-12-case,CVaR gamma=0.0 alpha=0.0,scripts/julia_scripts/plotting/bootstrap_ecdf/plot_bootstrap_panels.jl,128,0.02619405681818183,0.20175909090909092,500,0.0003870171092184363,0.026317198625660426,0.02619405681818183,-0.00012314180747859463,0.00012314180747859463,0.46791381267505405,1.1876442310904123e-05,1.1876442310904123e-05,0.045148438890520615,0.0234375,10000,0.95,0.01,42
step1,primary-12-case,CVaR gamma=0.0 alpha=0.0,scripts/julia_scripts/plotting/bootstrap_ecdf/plot_bootstrap_panels.jl,128,0.02619405681818183,0.20175909090909092,1000,0.00019331485235235188,0.026308288321844585,0.02619405681818183,-0.00011423150366275323,0.00011423150366275323,0.43420348091556865,2.96613849506272e-06,2.96613849506272e-06,0.011275811314488278,0.0234375,10000,0.95,0.01,42
step1,primary-12-case,CVaR gamma=0.0 alpha=0.0,scripts/julia_scripts/plotting/bootstrap_ecdf/plot_bootstrap_panels.jl,128,0.02619405681818183,0.20175909090909092,1500,0.00012883358072048046,0.026305322183349522,0.02619405681818183,-0.0001112653651676905,0.0001112653651676905,0.4229766295663093,0.0,0.0,0.0,0.0234375,10000,0.95,0.01,42
step1,primary-12-case,CVaR gamma=0.0 alpha=0.0,scripts/julia_scripts/plotting/bootstrap_ecdf/plot_bootstrap_panels.jl,128,0.02619405681818183,0.20175909090909092,3000,6.439531093697937e-05,0.0262379627120025,0.02619405681818183,-4.390589382066712e-05,4.390589382066712e-05,0.16733728263354253,-6.735947134702339e-05,6.735947134702339e-05,0.25606784390445486,0.0234375,10000,0.95,0.01,42
step1,primary-12-case,CVaR gamma=0.0 alpha=0.0,scripts/julia_scripts/plotting/bootstrap_ecdf/plot_bootstrap_panels.jl,128,0.02619405681818183,0.20175909090909092,6000,3.219228829804896e-05,0.026204299819003938,0.02619405681818183,-1.024300082210633e-05,1.024300082210633e-05,0.03908900788365228,-0.00010102236434558418,0.00010102236434558418,0.3840377382244278,0.0234375,10000,0.95,0.01,42
step1,primary-12-case,CVaR gamma=0.0 alpha=0.01,scripts/julia_scripts/plotting/bootstrap_ecdf/plot_bootstrap_panels.jl,128,0.02619405681818183,0.20175909090909092,250,0.0007755885040160657,0.026722867161829148,0.02619405681818183,-0.0005288103436473165,0.0005288103436473165,1.9788682870177472,0.00041754497847962604,0.00041754497847962604,1.5873022788670479,0.0234375,10000,0.95,0.01,42
step1,primary-12-case,CVaR gamma=0.0 alpha=0.01,scripts/julia_scripts/plotting/bootstrap_ecdf/plot_bootstrap_panels.jl,128,0.02619405681818183,0.20175909090909092,500,0.0003870171092184363,0.026317198625660426,0.02619405681818183,-0.00012314180747859463,0.00012314180747859463,0.46791381267505405,1.1876442310904123e-05,1.1876442310904123e-05,0.045148438890520615,0.0234375,10000,0.95,0.01,42
step1,primary-12-case,CVaR gamma=0.0 alpha=0.01,scripts/julia_scripts/plotting/bootstrap_ecdf/plot_bootstrap_panels.jl,128,0.02619405681818183,0.20175909090909092,1000,0.00019331485235235188,0.026308288321844585,0.02619405681818183,-0.00011423150366275323,0.00011423150366275323,0.43420348091556865,2.96613849506272e-06,2.96613849506272e-06,0.011275811314488278,0.0234375,10000,0.95,0.01,42
step1,primary-12-case,CVaR gamma=0.0 alpha=0.01,scripts/julia_scripts/plotting/bootstrap_ecdf/plot_bootstrap_panels.jl,128,0.02619405681818183,0.20175909090909092,1500,0.00012883358072048046,0.026305322183349522,0.02619405681818183,-0.0001112653651676905,0.0001112653651676905,0.4229766295663093,0.0,0.0,0.0,0.0234375,10000,0.95,0.01,42
step1,primary-12-case,CVaR gamma=0.0 alpha=0.01,scripts/julia_scripts/plotting/bootstrap_ecdf/plot_bootstrap_panels.jl,128,0.02619405681818183,0.20175909090909092,3000,6.439531093697937e-05,0.0262379627120025,0.02619405681818183,-4.390589382066712e-05,4.390589382066712e-05,0.16733728263354253,-6.735947134702339e-05,6.735947134702339e-05,0.25606784390445486,0.0234375,10000,0.95,0.01,42
step1,primary-12-case,CVaR gamma=0.0 alpha=0.01,scripts/julia_scripts/plotting/bootstrap_ecdf/plot_bootstrap_panels.jl,128,0.02619405681818183,0.20175909090909092,6000,3.219228829804896e-05,0.026204299819003938,0.02619405681818183,-1.024300082210633e-05,1.024300082210633e-05,0.03908900788365228,-0.00010102236434558418,0.00010102236434558418,0.3840377382244278,0.0234375,10000,0.95,0.01,42
step1,primary-12-case,CVaR gamma=0.0 alpha=0.05,scripts/julia_scripts/plotting/bootstrap_ecdf/plot_bootstrap_panels.jl,128,0.02619405681818183,0.20175909090909092,250,0.0007755885040160657,0.026722867161829148,0.02619405681818183,-0.0005288103436473165,0.0005288103436473165,1.9788682870177472,0.00041754497847962604,0.00041754497847962604,1.5873022788670479,0.0234375,10000,0.95,0.01,42
step1,primary-12-case,CVaR gamma=0.0 alpha=0.05,scripts/julia_scripts/plotting/bootstrap_ecdf/plot_bootstrap_panels.jl,128,0.02619405681818183,0.20175909090909092,500,0.0003870171092184363,0.026317198625660426,0.02619405681818183,-0.00012314180747859463,0.00012314180747859463,0.46791381267505405,1.1876442310904123e-05,1.1876442310904123e-05,0.045148438890520615,0.0234375,10000,0.95,0.01,42
step1,primary-12-case,CVaR gamma=0.0 alpha=0.05,scripts/julia_scripts/plotting/bootstrap_ecdf/plot_bootstrap_panels.jl,128,0.02619405681818183,0.20175909090909092,1000,0.00019331485235235188,0.026308288321844585,0.02619405681818183,-0.00011423150366275323,0.00011423150366275323,0.43420348091556865,2.96613849506272e-06,2.96613849506272e-06,0.011275811314488278,0.0234375,10000,0.95,0.01,42
step1,primary-12-case,CVaR gamma=0.0 alpha=0.05,scripts/julia_scripts/plotting/bootstrap_ecdf/plot_bootstrap_panels.jl,128,0.02619405681818183,0.20175909090909092,1500,0.00012883358072048046,0.026305322183349522,0.02619405681818183,-0.0001112653651676905,0.0001112653651676905,0.4229766295663093,0.0,0.0,0.0,0.0234375,10000,0.95,0.01,42
step1,primary-12-case,CVaR gamma=0.0 alpha=0.05,scripts/julia_scripts/plotting/bootstrap_ecdf/plot_bootstrap_panels.jl,128,0.02619405681818183,0.20175909090909092,3000,6.439531093697937e-05,0.0262379627120025,0.02619405681818183,-4.390589382066712e-05,4.390589382066712e-05,0.16733728263354253,-6.735947134702339e-05,6.735947134702339e-05,0.25606784390445486,0.0234375,10000,0.95,0.01,42
step1,primary-12-case,CVaR gamma=0.0 alpha=0.05,scripts/julia_scripts/plotting/bootstrap_ecdf/plot_bootstrap_panels.jl,128,0.02619405681818183,0.20175909090909092,6000,3.219228829804896e-05,0.026204299819003938,0.02619405681818183,-1.024300082210633e-05,1.024300082210633e-05,0.03908900788365228,-0.00010102236434558418,0.00010102236434558418,0.3840377382244278,0.0234375,10000,0.95,0.01,42
step1,primary-12-case,CVaR gamma=0.1 alpha=0.0,scripts/julia_scripts/plotting/bootstrap_ecdf/plot_bootstrap_panels.jl,128,0.04510340909090911,0.4212193181818182,250,0.001661556224899597,0.04623628833515883,0.04510340909090911,-0.001132879244249721,0.001132879244249721,2.450195041690362,0.0008945135913902419,0.0008945135913902419,1.9728243908520071,0.0234375,10000,0.95,0.01,42
step1,primary-12-case,CVaR gamma=0.1 alpha=0.0,scripts/julia_scripts/plotting/bootstrap_ecdf/plot_bootstrap_panels.jl,128,0.04510340909090911,0.4212193181818182,500,0.0008291132264529044,0.04536721784478048,0.04510340909090911,-0.00026380875387137237,0.00026380875387137237,0.581496433777289,2.5443101011893288e-05,2.5443101011893288e-05,0.05611403866671536,0.0234375,10000,0.95,0.01,42
step1,primary-12-case,CVaR gamma=0.1 alpha=0.0,scripts/julia_scripts/plotting/bootstrap_ecdf/plot_bootstrap_panels.jl,128,0.04510340909090911,0.4212193181818182,1000,0.0004141416416416424,0.04534812915187917,0.04510340909090911,-0.0002447200609700592,0.0002447200609700592,0.5396475346324586,6.354408110580134e-06,6.354408110580134e-06,0.014014467114464753,0.0234375,10000,0.95,0.01,42
step1,primary-12-case,CVaR gamma=0.1 alpha=0.0,scripts/julia_scripts/plotting/bootstrap_ecdf/plot_bootstrap_panels.jl,128,0.04510340909090911,0.4212193181818182,1500,0.0002760023348899257,0.04534177474376859,0.04510340909090911,-0.00023836565285947908,0.00023836565285947908,0.525708696244269,0.0,0.0,0.0,0.0234375,10000,0.95,0.01,42
step1,primary-12-case,CVaR gamma=0.1 alpha=0.0,scripts/julia_scripts/plotting/bootstrap_ecdf/plot_bootstrap_panels.jl,128,0.04510340909090911,0.4212193181818182,3000,0.0001379551517172381,0.045197469421625405,0.04510340909090911,-9.40603307162946e-05,9.40603307162946e-05,0.20810972808864833,-0.00014430532214318448,0.00014430532214318448,0.3182613008835007,0.0234375,10000,0.95,0.01,42
step1,primary-12-case,CVaR gamma=0.1 alpha=0.0,scripts/julia_scripts/plotting/bootstrap_ecdf/plot_bootstrap_panels.jl,128,0.04510340909090911,0.4212193181818182,6000,6.896607767961291e-05,0.04512535284289808,0.04510340909090911,-2.1943751988967586e-05,2.1943751988967586e-05,0.04862843303489236,-0.0002164219008705115,0.0002164219008705115,0.47731237273692023,0.0234375,10000,0.95,0.01,42
step1,primary-12-case,CVaR gamma=0.1 alpha=0.01,scripts/julia_scripts/plotting/bootstrap_ecdf/plot_bootstrap_panels.jl,128,0.07420227272727274,0.8665318181818181,250,0.003500251004016061,0.07658880750273825,0.07420227272727274,-0.002386534775465507,0.002386534775465507,3.116035950005074,0.0018843913010279933,0.0018843913010279933,2.522463057525176,0.0234375,10000,0.95,0.01,42
step1,primary-12-case,CVaR gamma=0.1 alpha=0.01,scripts/julia_scripts/plotting/bootstrap_ecdf/plot_bootstrap_panels.jl,128,0.07420227272727274,0.8665318181818181,500,0.0017466182364729438,0.07475801489342324,0.07420227272727274,-0.0005557421661504941,0.0005557421661504941,0.7433880727608578,5.3598691712980484e-05,5.3598691712980484e-05,0.07174768834048316,0.0234375,10000,0.95,0.01,42
step1,primary-12-case,CVaR gamma=0.1 alpha=0.01,scripts/julia_scripts/plotting/bootstrap_ecdf/plot_bootstrap_panels.jl,128,0.07420227272727274,0.8665318181818181,1000,0.0008724349349349333,0.07471780246155249,0.07420227272727274,-0.0005155297342797488,0.0005155297342797488,0.6899690800529429,1.3386259842235182e-05,1.3386259842235182e-05,0.01791896720816449,0.0234375,10000,0.95,0.01,42
step1,primary-12-case,CVaR gamma=0.1 alpha=0.01,scripts/julia_scripts/plotting/bootstrap_ecdf/plot_bootstrap_panels.jl,128,0.07420227272727274,0.8665318181818181,1500,0.0005814292861907946,0.07470441620171026,0.07420227272727274,-0.0005021434744375136,0.0005021434744375136,0.6721737481779795,0.0,0.0,0.0,0.0234375,10000,0.95,0.01,42
step1,primary-12-case,CVaR gamma=0.1 alpha=0.01,scripts/julia_scripts/plotting/bootstrap_ecdf/plot_bootstrap_panels.jl,128,0.07420227272727274,0.8665318181818181,3000,0.0002906177059019688,0.07440042116311499,0.07420227272727274,-0.0001981484358422464,0.0001981484358422464,0.26632703517608736,-0.0003039950385952672,0.0003039950385952672,0.40693047888152517,0.0234375,10000,0.95,0.01,42
step1,primary-12-case,CVaR gamma=0.1 alpha=0.01,scripts/julia_scripts/plotting/bootstrap_ecdf/plot_bootstrap_panels.jl,128,0.07420227272727274,0.8665318181818181,6000,0.00014528463077179837,0.07424849965524559,0.07420227272727274,-4.6226927972847776e-05,4.6226927972847776e-05,0.06225974691406695,-0.00045591654646466584,0.00045591654646466584,0.6102939687442845,0.0234375,10000,0.95,0.01,42
step1,primary-12-case,CVaR gamma=0.1 alpha=0.05,scripts/julia_scripts/plotting/bootstrap_ecdf/plot_bootstrap_panels.jl,128,0.09806590909090909,1.0966454545454545,250,0.004411395582329315,0.10107367880613363,0.09806590909090909,-0.0030077697152245397,0.0030077697152245397,2.9758189775536437,0.0023749140993594153,0.0023749140993594153,2.406224744975367,0.0234375,10000,0.95,0.01,42
step1,primary-12-case,CVaR gamma=0.1 alpha=0.05,scripts/julia_scripts/plotting/bootstrap_ecdf/plot_bootstrap_panels.jl,128,0.09806590909090909,1.0966454545454545,500,0.002201277555110223,0.09876631558571689,0.09806590909090909,-0.0007004064948077926,0.0007004064948077926,0.7091552323827721,6.75508789426682e-05,6.75508789426682e-05,0.068441463419888,0.0234375,10000,0.95,0.01,42
step1,primary-12-case,CVaR gamma=0.1 alpha=0.05,scripts/julia_scripts/plotting/bootstrap_ecdf/plot_bootstrap_panels.jl,128,0.09806590909090909,1.0966454545454545,1000,0.0010995370370370378,0.09871563552188552,0.09806590909090909,-0.0006497264309764245,0.0006497264309764245,0.6581798592912653,1.6870815111300064e-05,1.6870815111300064e-05,0.01709323836161663,0.0234375,10000,0.95,0.01,42
step1,primary-12-case,CVaR gamma=0.1 alpha=0.05,scripts/julia_scripts/plotting/bootstrap_ecdf/plot_bootstrap_panels.jl,128,0.09806590909090909,1.0966454545454545,1500,0.0007327801867911959,0.09869876470677422,0.09806590909090909,-0.0006328556158651244,0.0006328556158651244,0.6411991251818455,0.0,0.0,0.0,0.0234375,10000,0.95,0.01,42
step1,primary-12-case,CVaR gamma=0.1 alpha=0.05,scripts/julia_scripts/plotting/bootstrap_ecdf/plot_bootstrap_panels.jl,128,0.09806590909090909,1.0966454545454545,3000,0.0003662679226408769,0.09831563721998242,0.09806590909090909,-0.0002497281290733261,0.0002497281290733261,0.2540065203611063,-0.0003831274867917983,0.0003831274867917983,0.3881786037849998,0.0234375,10000,0.95,0.01,42
step1,primary-12-case,CVaR gamma=0.1 alpha=0.05,scripts/julia_scripts/plotting/bootstrap_ecdf/plot_bootstrap_panels.jl,128,0.09806590909090909,1.0966454545454545,6000,0.00018310343390565142,0.09812416927442452,0.09806590909090909,-5.82601835154295e-05,5.82601835154295e-05,0.059373938089088786,-0.0005745954323496949,0.0005745954323496949,0.5821708448497506,0.0234375,10000,0.95,0.01,42
step1,primary-12-case,CVaR gamma=0.2 alpha=0.0,scripts/julia_scripts/plotting/bootstrap_ecdf/plot_bootstrap_panels.jl,128,0.062497727272727295,0.6023272727272727,250,0.0023847891566265086,0.06412371987951809,0.062497727272727295,-0.0016259926067907979,0.0016259926067907979,2.535711605387011,0.001283872481252557,0.001283872481252557,2.0430865675335705,0.0234375,10000,0.95,0.01,42
step1,primary-12-case,CVaR gamma=0.2 alpha=0.0,scripts/julia_scripts/plotting/bootstrap_ecdf/plot_bootstrap_panels.jl,128,0.062497727272727295,0.6023272727272727,500,0.0011900050100200413,0.06287636523046095,0.062497727272727295,-0.00037863795773365044,0.00037863795773365044,0.6021944117568303,3.6517832195409605e-05,3.6517832195409605e-05,0.058112541177841155,0.0234375,10000,0.95,0.01,42
step1,primary-12-case,CVaR gamma=0.2 alpha=0.0,scripts/julia_scripts/plotting/bootstrap_ecdf/plot_bootstrap_panels.jl,128,0.062497727272727295,0.6023272727272727,1000,0.0005944069069069094,0.06284896771771774,0.062497727272727295,-0.000351240444990443,0.000351240444990443,0.5588643023828455,9.120319452202152e-06,9.120319452202152e-06,0.014513592616480296,0.0234375,10000,0.95,0.01,42
step1,primary-12-case,CVaR gamma=0.2 alpha=0.0,scripts/julia_scripts/plotting/bootstrap_ecdf/plot_bootstrap_panels.jl,128,0.062497727272727295,0.6023272727272727,1500,0.0003961390927284883,0.06283984739826554,0.062497727272727295,-0.00034212012553824084,0.00034212012553824084,0.544431821054492,0.0,0.0,0.0,0.0234375,10000,0.95,0.01,42
step1,primary-12-case,CVaR gamma=0.2 alpha=0.0,scripts/julia_scripts/plotting/bootstrap_ecdf/plot_bootstrap_panels.jl,128,0.062497727272727295,0.6023272727272727,3000,0.00019800350116705445,0.06263272965988664,0.062497727272727295,-0.00013500238715934837,0.00013500238715934837,0.2155460697505112,-0.00020711773837889247,0.00020711773837889247,0.3295961829223175,0.0234375,10000,0.95,0.01,42
step1,primary-12-case,CVaR gamma=0.2 alpha=0.0,scripts/julia_scripts/plotting/bootstrap_ecdf/plot_bootstrap_panels.jl,128,0.062497727272727295,0.6023272727272727,6000,9.89852475412542e-05,0.06252922257876314,0.062497727272727295,-3.149530603584888e-05,3.149530603584888e-05,0.05036893909272056,-0.00031062481950239196,0.00031062481950239196,0.4943118616022699,0.0234375,10000,0.95,0.01,42
step1,primary-12-case,CVaR gamma=0.2 alpha=0.01,scripts/julia_scripts/plotting/bootstrap_ecdf/plot_bootstrap_panels.jl,128,0.11085000000000002,1.0966454545454545,250,0.004354919678714861,0.11381926341730561,0.11085000000000002,-0.0029692634173055926,0.0029692634173055926,2.6087529721740688,0.0023445097936777293,0.0023445097936777293,2.1031755778474253,0.0234375,10000,0.95,0.01,42
step1,primary-12-case,CVaR gamma=0.2 alpha=0.01,scripts/julia_scripts/plotting/bootstrap_ecdf/plot_bootstrap_panels.jl,128,0.11085000000000002,1.0966454545454545,500,0.002173096192384774,0.11154143969757699,0.11085000000000002,-0.0006914396975769704,0.0006914396975769704,0.6198949013493776,6.668607394910708e-05,6.668607394910708e-05,0.05982168318959396,0.0234375,10000,0.95,0.01,42
step1,primary-12-case,CVaR gamma=0.2 alpha=0.01,scripts/julia_scripts/plotting/bootstrap_ecdf/plot_bootstrap_panels.jl,128,0.11085000000000002,1.0966454545454545,1000,0.0010854604604604579,0.11149140845390847,0.11085000000000002,-0.0006414084539084486,0.0006414084539084486,0.5752985479357474,1.665483028058523e-05,1.665483028058523e-05,0.014940450406212084,0.0234375,10000,0.95,0.01,42
step1,primary-12-case,CVaR gamma=0.2 alpha=0.01,scripts/julia_scripts/plotting/bootstrap_ecdf/plot_bootstrap_panels.jl,128,0.11085000000000002,1.0966454545454545,1500,0.0007233989326217508,0.11147475362362788,0.11085000000000002,-0.0006247536236278634,0.0006247536236278634,0.5604440497237774,0.0,0.0,0.0,0.0234375,10000,0.95,0.01,42
step1,primary-12-case,CVaR gamma=0.2 alpha=0.01,scripts/julia_scripts/plotting/bootstrap_ecdf/plot_bootstrap_panels.jl,128,0.11085000000000002,1.0966454545454545,3000,0.00036157885961987657,0.11109653104064993,0.11085000000000002,-0.0002465310406499083,0.0002465310406499083,0.22190705536944552,-0.0003782225829779551,0.0003782225829779551,0.339289902586327,0.0234375,10000,0.95,0.01,42
step1,primary-12-case,CVaR gamma=0.2 alpha=0.01,scripts/julia_scripts/plotting/bootstrap_ecdf/plot_bootstrap_panels.jl,128,0.11085000000000002,1.0966454545454545,6000,0.00018075929321553774,0.11090751432056858,0.11085000000000002,-5.751432056856631e-05,5.751432056856631e-05,0.05185791145073015,-0.000567239303059297,0.000567239303059297,0.5088500172644173,0.0234375,10000,0.95,0.01,42
step1,primary-12-case,CVaR gamma=0.2 alpha=0.05,scripts/julia_scripts/plotting/bootstrap_ecdf/plot_bootstrap_panels.jl,128,0.14920227272727277,1.0966454545454545,250,0.004185491967871491,0.15205601725082152,0.14920227272727277,-0.0028537445235487513,0.0028537445235487513,1.876771847076202,0.0022532968766326156,0.0022532968766326156,1.5041762065496243,0.0234375,10000,0.95,0.01,42
step1,primary-12-case,CVaR gamma=0.2 alpha=0.05,scripts/julia_scripts/plotting/bootstrap_ecdf/plot_bootstrap_panels.jl,128,0.14920227272727277,1.0966454545454545,500,0.002088552104208413,0.14986681203315727,0.14920227272727277,-0.0006645393058845039,0.0006645393058845039,0.4434199252450089,6.409165896836821e-05,6.409165896836821e-05,0.04278404211103448,0.0234375,10000,0.95,0.01,42
step1,primary-12-case,CVaR gamma=0.2 alpha=0.05,scripts/julia_scripts/plotting/bootstrap_ecdf/plot_bootstrap_panels.jl,128,0.14920227272727277,1.0966454545454545,1000,0.001043230730730732,0.1498187272499773,0.14920227272727277,-0.0006164545227045348,0.0006164545227045348,0.4114669334201197,1.60068757883991e-05,1.60068757883991e-05,0.010685303810515509,0.0234375,10000,0.95,0.01,42
step1,primary-12-case,CVaR gamma=0.2 alpha=0.05,scripts/julia_scripts/plotting/bootstrap_ecdf/plot_bootstrap_panels.jl,128,0.14920227272727277,1.0966454545454545,1500,0.0006952551701134152,0.1498027203741889,0.14920227272727277,-0.0006004476469161357,0.0006004476469161357,0.4008255961015199,0.0,0.0,0.0,0.0234375,10000,0.95,0.01,42
step1,primary-12-case,CVaR gamma=0.2 alpha=0.05,scripts/julia_scripts/plotting/bootstrap_ecdf/plot_bootstrap_panels.jl,128,0.14920227272727277,1.0966454545454545,3000,0.00034751167055685483,0.14943921250265244,0.14920227272727277,-0.0002369397753796687,0.0002369397753796687,0.15855261240450072,-0.000363507871536467,0.000363507871536467,0.24265772385739642,0.0234375,10000,0.95,0.01,42
step1,primary-12-case,CVaR gamma=0.2 alpha=0.05,scripts/julia_scripts/plotting/bootstrap_ecdf/plot_bootstrap_panels.jl,128,0.14920227272727277,1.0966454545454545,6000,0.0001737268711451967,0.14925754945900077,0.14920227272727277,-5.5276731728004513e-05,5.5276731728004513e-05,0.03703446286526924,-0.0005451709151881312,0.0005451709151881312,0.36392591124270696,0.0234375,10000,0.95,0.01,42
step1,additional-single-panel,CVaR gamma=0.05 alpha=0.05,scripts/julia_scripts/plotting/bootstrap_ecdf/plot_bootstrap_panels.jl,128,0.07633295454545456,0.7557363636363638,250,0.0030013805220883566,0.07837935035596935,0.07633295454545456,-0.0020463958105147867,0.0020463958105147867,2.6108864148794693,0.0016158199341729795,0.0016158199341729795,2.1049317629015416,0.0234375,10000,0.95,0.01,42
step1,additional-single-panel,CVaR gamma=0.05 alpha=0.05,scripts/julia_scripts/plotting/bootstrap_ecdf/plot_bootstrap_panels.jl,128,0.07633295454545456,0.7557363636363638,500,0.0014976828657314659,0.07680949000273275,0.07633295454545456,-0.0004765354572781877,0.0004765354572781877,0.6204122137267587,4.595958093638053e-05,4.595958093638053e-05,0.05987163524637825,0.0234375,10000,0.95,0.01,42
step1,additional-single-panel,CVaR gamma=0.05 alpha=0.05,scripts/julia_scripts/plotting/bootstrap_ecdf/plot_bootstrap_panels.jl,128,0.07633295454545456,0.7557363636363638,1000,0.0007480918418418386,0.07677500881563383,0.07633295454545456,-0.00044205427017926513,0.00044205427017926513,0.5757788595515587,1.1478393837457967e-05,1.1478393837457967e-05,0.014952925919882877,0.0234375,10000,0.95,0.01,42
step1,additional-single-panel,CVaR gamma=0.05 alpha=0.05,scripts/julia_scripts/plotting/bootstrap_ecdf/plot_bootstrap_panels.jl,128,0.07633295454545456,0.7557363636363638,1500,0.0004985615410273495,0.07676353042179637,0.07633295454545456,-0.00043057587634180716,0.00043057587634180716,0.5609120294180069,0.0,0.0,0.0,0.0234375,10000,0.95,0.01,42
step1,additional-single-panel,CVaR gamma=0.05 alpha=0.05,scripts/julia_scripts/plotting/bootstrap_ecdf/plot_bootstrap_panels.jl,128,0.07633295454545456,0.7557363636363638,3000,0.00024919764921640247,0.07650286203355666,0.07633295454545456,-0.00016990748810209733,0.00016990748810209733,0.22209298264889793,-0.00026066838823970984,0.00026066838823970984,0.3395732150506918,0.0234375,10000,0.95,0.01,42
step1,additional-single-panel,CVaR gamma=0.05 alpha=0.05,scripts/julia_scripts/plotting/bootstrap_ecdf/plot_bootstrap_panels.jl,128,0.07633295454545456,0.7557363636363638,6000,0.00012457805467577798,0.07637259301739685,0.07633295454545456,-3.9638471942285425e-05,3.9638471942285425e-05,0.051901435287467865,-0.00039093740439952174,0.00039093740439952174,0.509274915121046,0.0234375,10000,0.95,0.01,42
step2,primary-paired,PoF eps=0.0,scripts/python_plots/posterior_stats/plot_step2_paired_posterior_stats.py,127,0.04473885653409091,0.2782659090909091,250,0.0010316456137048208,0.045442251270707834,0.04473885653409091,-0.0007033947366169233,0.0007033947366169233,1.5478870807405023,0.0005553956039091382,0.0005553956039091382,1.2373234784630853,0.023622047244094488,10000,0.95,0.01,42
step2,primary-paired,PoF eps=0.0,scripts/python_plots/posterior_stats/plot_step2_paired_posterior_stats.py,127,0.04473885653409091,0.2782659090909091,500,0.0005147890938126259,0.04490265306394038,0.04473885653409091,-0.00016379652984947063,0.00016379652984947063,0.364781407495517,1.5797397141685543e-05,1.5797397141685543e-05,0.03519381544332665,0.023622047244094488,10000,0.95,0.01,42
step2,primary-paired,PoF eps=0.0,scripts/python_plots/posterior_stats/plot_step2_paired_posterior_stats.py,127,0.04473885653409091,0.2782659090909091,1000,0.0002571368947072092,0.04489080106278153,0.04473885653409091,-0.00015194452869062014,0.00015194452869062014,0.3384758683145792,3.945395982835054e-06,3.945395982835054e-06,0.008789646599713445,0.023622047244094488,10000,0.95,0.01,42
step2,primary-paired,PoF eps=0.0,scripts/python_plots/posterior_stats/plot_step2_paired_posterior_stats.py,127,0.04473885653409091,0.2782659090909091,1500,0.00017136741681954976,0.044886855666798696,0.04473885653409091,-0.00014799913270778509,0.00014799913270778509,0.32971597254751595,0.0,0.0,0.0,0.023622047244094488,10000,0.95,0.01,42
step2,primary-paired,PoF eps=0.0,scripts/python_plots/posterior_stats/plot_step2_paired_posterior_stats.py,127,0.04473885653409091,0.2782659090909091,3000,8.565513765004806e-05,0.04479725776430685,0.04473885653409091,-5.8401230215936184e-05,5.8401230215936184e-05,0.13036786877269213,-8.95979024918489e-05,8.95979024918489e-05,0.19960832889910235,0.023622047244094488,10000,0.95,0.01,42
step2,primary-paired,PoF eps=0.0,scripts/python_plots/posterior_stats/plot_step2_paired_posterior_stats.py,127,0.04473885653409091,0.2782659090909091,6000,4.2820429707032814e-05,0.04475248121627042,0.04473885653409091,-1.3624682179511072e-05,1.3624682179511072e-05,0.03044452912827014,-0.00013437445052827401,0.00013437445052827401,0.29936258294801055,0.023622047244094488,10000,0.95,0.01,42
step2,primary-paired,PoF eps=0.01,scripts/python_plots/posterior_stats/plot_step2_paired_posterior_stats.py,128,0.07289375,0.5016977272727273,250,0.0018943147590361475,0.07418532824479737,0.07289375,-0.0012915782447973784,0.0012915782447973784,1.7410157444278167,0.001019821221175568,0.001019821221175568,1.3938551957909815,0.0234375,10000,0.95,0.01,42
step2,primary-paired,PoF eps=0.01,scripts/python_plots/posterior_stats/plot_step2_paired_posterior_stats.py,128,0.07289375,0.5016977272727273,500,0.0009452592685370714,0.07319451431271634,0.07289375,-0.00030076431271634785,0.00030076431271634785,0.41091100274449804,2.9007289094537536e-05,2.9007289094537536e-05,0.0396461259882644,0.0234375,10000,0.95,0.01,42
step2,primary-paired,PoF eps=0.01,scripts/python_plots/posterior_stats/plot_step2_paired_posterior_stats.py,128,0.07289375,0.5016977272727273,1000,0.0004721565315315285,0.07317275158681408,0.07289375,-0.0002790015868140844,0.0002790015868140844,0.38129164308256136,7.244563192274067e-06,7.244563192274067e-06,0.009901610044108802,0.0234375,10000,0.95,0.01,42
step2,primary-paired,PoF eps=0.01,scripts/python_plots/posterior_stats/plot_step2_paired_posterior_stats.py,128,0.07289375,0.5016977272727273,1500,0.00031466602735157057,0.0731655070236218,0.07289375,-0.0002717570236218103,0.0002717570236218103,0.37142778705008134,0.0,0.0,0.0,0.0234375,10000,0.95,0.01,42
step2,primary-paired,PoF eps=0.01,scripts/python_plots/posterior_stats/plot_step2_paired_posterior_stats.py,128,0.07289375,0.5016977272727273,3000,0.0001572805518506165,0.07300098673989815,0.07289375,-0.0001072367398981533,0.0001072367398981533,0.14689765808267335,-0.000164520283723657,0.000164520283723657,0.22486044369314753,0.0234375,10000,0.95,0.01,42
step2,primary-paired,PoF eps=0.01,scripts/python_plots/posterior_stats/plot_step2_paired_posterior_stats.py,128,0.07289375,0.5016977272727273,6000,7.862716702784073e-05,0.07291876773496339,0.07289375,-2.5017734963397875e-05,2.5017734963397875e-05,0.034309047917992,-0.00024673928865841244,0.00024673928865841244,0.33723444105806794,0.0234375,10000,0.95,0.01,42
step2,primary-paired,CVaR gamma=0.1 alpha=0.01,scripts/python_plots/posterior_stats/plot_step2_paired_posterior_stats.py,128,0.11489318181818184,0.7453352982954545,250,0.0027850856551204783,0.11679210385576397,0.11489318181818184,-0.0018989220375821292,0.0018989220375821292,1.6258993329953726,0.0014993756662322888,0.0014993756662322888,1.3004945669838255,0.0234375,10000,0.95,0.01,42
step2,primary-paired,CVaR gamma=0.1 alpha=0.01,scripts/python_plots/posterior_stats/plot_step2_paired_posterior_stats.py,128,0.11489318181818184,0.7453352982954545,500,0.0013897521605711477,0.11533537568745447,0.11489318181818184,-0.0004421938692726335,0.0004421938692726335,0.3833982996430581,4.26474979227931e-05,4.26474979227931e-05,0.03699062255919918,0.0234375,10000,0.95,0.01,42
step2,primary-paired,CVaR gamma=0.1 alpha=0.01,scripts/python_plots/posterior_stats/plot_step2_paired_posterior_stats.py,128,0.11489318181818184,0.7453352982954545,1000,0.0006941805086336378,0.11530337939146534,0.11489318181818184,-0.00041019757328350503,0.00041019757328350503,0.35575503116074975,1.0651201933664645e-05,1.0651201933664645e-05,0.009238398727242322,0.0234375,10000,0.95,0.01,42
step2,primary-paired,CVaR gamma=0.1 alpha=0.01,scripts/python_plots/posterior_stats/plot_step2_paired_posterior_stats.py,128,0.11489318181818184,0.7453352982954545,1500,0.0004626326405103437,0.11529272818953168,0.11489318181818184,-0.0003995463713498404,0.0003995463713498404,0.3465494985017783,0.0,0.0,0.0,0.0234375,10000,0.95,0.01,42
step2,primary-paired,CVaR gamma=0.1 alpha=0.01,scripts/python_plots/posterior_stats/plot_step2_paired_posterior_stats.py,128,0.11489318181818184,0.7453352982954545,3000,0.00023123918910469832,0.11505084490166231,0.11489318181818184,-0.00015766308348047486,0.00015766308348047486,0.13703774502067725,-0.00024188328786936553,0.00024188328786936553,0.20979925765285862,0.0234375,10000,0.95,0.01,42
step2,primary-paired,CVaR gamma=0.1 alpha=0.01,scripts/python_plots/posterior_stats/plot_step2_paired_posterior_stats.py,128,0.11489318181818184,0.7453352982954545,6000,0.00011560032140774112,0.11492996373862975,0.11489318181818184,-3.678192044791195e-05,3.678192044791195e-05,0.03200376929689135,-0.00036276445090192844,0.00036276445090192844,0.31464642792177994,0.0234375,10000,0.95,0.01,42
step3,primary-paired,PoF eps=0.0,scripts/python_plots/posterior_stats/plot_step3_paired_posterior_stats.py,124,0.06186130681818182,0.3017226704545455,250,0.001059628514056228,0.06258378080503833,0.06186130681818182,-0.0007224739868565144,0.0007224739868565144,1.1544108993785038,0.0005704604475272601,0.0005704604475272601,0.9198998606081987,0.024193548387096774,10000,0.95,0.01,42
step3,primary-paired,PoF eps=0.0,scripts/python_plots/posterior_stats/plot_step3_paired_posterior_stats.py,124,0.06186130681818182,0.3017226704545455,500,0.0005287525050100203,0.0620295462515941,0.06186130681818182,-0.00016823943341227887,0.00016823943341227887,0.2712246720778734,1.622589408302455e-05,1.622589408302455e-05,0.026165175464692346,0.024193548387096774,10000,0.95,0.01,42
step3,primary-paired,PoF eps=0.0,scripts/python_plots/posterior_stats/plot_step3_paired_posterior_stats.py,124,0.06186130681818182,0.3017226704545455,1000,0.00026411161161161295,0.06201737277049778,0.06186130681818182,-0.0001560659523159591,0.0001560659523159591,0.2516487644413745,4.052412986704779e-06,4.052412986704779e-06,0.006534746024470772,0.024193548387096774,10000,0.95,0.01,42
step3,primary-paired,PoF eps=0.0,scripts/python_plots/posterior_stats/plot_step3_paired_posterior_stats.py,124,0.06186130681818182,0.3017226704545455,1500,0.00017601567711807847,0.06201332035751107,0.06186130681818182,-0.00015201353932925432,0.00015201353932925432,0.24513046302453373,0.0,0.0,0.0,0.024193548387096774,10000,0.95,0.01,42
step3,primary-paired,PoF eps=0.0,scripts/python_plots/posterior_stats/plot_step3_paired_posterior_stats.py,124,0.06186130681818182,0.3017226704545455,3000,8.797849283094517e-05,0.06192129215420292,0.06186130681818182,-5.9985336021098346e-05,5.9985336021098346e-05,0.09687352110113683,-9.202820330815598e-05,9.202820330815598e-05,0.1484007029096443,0.024193548387096774,10000,0.95,0.01,42
step3,primary-paired,PoF eps=0.0,scripts/python_plots/posterior_stats/plot_step3_paired_posterior_stats.py,124,0.06186130681818182,0.3017226704545455,6000,4.398191365227733e-05,0.06187530106343482,0.06186130681818182,-1.3994245253001747e-05,1.3994245253001747e-05,0.022616851978877302,-0.00013801929407625257,0.00013801929407625257,0.2225639480043349,0.024193548387096774,10000,0.95,0.01,42
step3,primary-paired,PoF eps=0.01,scripts/python_plots/posterior_stats/plot_step3_paired_posterior_stats.py,128,0.07995011363636365,0.5211609090909091,250,0.0019491239959839382,0.0812790618154436,0.07995011363636365,-0.0013289481790799557,0.0013289481790799557,1.6350436993201687,0.0010493282620140376,0.0010493282620140376,1.3079044582832,0.0234375,10000,0.95,0.01,42
step3,primary-paired,PoF eps=0.01,scripts/python_plots/posterior_stats/plot_step3_paired_posterior_stats.py,128,0.07995011363636365,0.5211609090909091,500,0.0009726089679358702,0.08025958012616141,0.07995011363636365,-0.00030946648979776614,0.00030946648979776614,0.38558199446260555,2.9846572731848098e-05,2.9846572731848098e-05,0.03720138583281167,0.0234375,10000,0.95,0.01,42
step3,primary-paired,PoF eps=0.01,scripts/python_plots/posterior_stats/plot_step3_paired_posterior_stats.py,128,0.07995011363636365,0.5211609090909091,1000,0.00048581769269269437,0.08023718772750023,0.07995011363636365,-0.00028707409113658267,0.00028707409113658267,0.3577818456343926,7.454174070664621e-06,7.454174070664621e-06,0.009291036802085926,0.0234375,10000,0.95,0.01,42
step3,primary-paired,PoF eps=0.01,scripts/python_plots/posterior_stats/plot_step3_paired_posterior_stats.py,128,0.07995011363636365,0.5211609090909091,1500,0.00032377043028685576,0.08022973355342956,0.07995011363636365,-0.00027961991706591804,0.00027961991706591804,0.34852405047525575,0.0,0.0,0.0,0.0234375,10000,0.95,0.01,42
step3,primary-paired,PoF eps=0.01,scripts/python_plots/posterior_stats/plot_step3_paired_posterior_stats.py,128,0.07995011363636365,0.5211609090909091,3000,0.00016183123541180233,0.08006045311505351,0.07995011363636365,-0.00011033947868986649,0.00011033947868986649,0.13782020260527317,-0.00016928043837605156,0.00016928043837605156,0.21099464111184918,0.0234375,10000,0.95,0.01,42
step3,primary-paired,PoF eps=0.01,scripts/python_plots/posterior_stats/plot_step3_paired_posterior_stats.py,128,0.07995011363636365,0.5211609090909091,6000,8.090212952158865e-05,0.07997585522302961,0.07995011363636365,-2.5741586665961602e-05,2.5741586665961602e-05,0.03218669759038617,-0.00025387833039995644,0.00025387833039995644,0.31643920421458754,0.0234375,10000,0.95,0.01,42
step3,primary-paired,CVaR gamma=0.1 alpha=0.01,scripts/python_plots/posterior_stats/plot_step3_paired_posterior_stats.py,128,0.11813119318181821,0.9492490909090909,250,0.0036716051706827263,0.12063456034364733,0.11813119318181821,-0.002503367161829126,0.002503367161829126,2.0751658187321063,0.0019766413427224627,0.0019766413427224627,1.6658317956065418,0.0234375,10000,0.95,0.01,42
step3,primary-paired,CVaR gamma=0.1 alpha=0.01,scripts/python_plots/posterior_stats/plot_step3_paired_posterior_stats.py,128,0.11813119318181821,0.9492490909090909,500,0.001832123622244483,0.1187141416070778,0.11813119318181821,-0.0005829484252595912,0.0005829484252595912,0.4910522178470063,5.622260615292807e-05,5.622260615292807e-05,0.0473820935225485,0.0234375,10000,0.95,0.01,42
step3,primary-paired,CVaR gamma=0.1 alpha=0.01,scripts/python_plots/posterior_stats/plot_step3_paired_posterior_stats.py,128,0.11813119318181821,0.9492490909090909,1000,0.0009151448323323347,0.11867196058274185,0.11813119318181821,-0.0005407674009236391,0.0005407674009236391,0.45568253719596963,1.4041581816975901e-05,1.4041581816975901e-05,0.01183366599987857,0.0234375,10000,0.95,0.01,42
step3,primary-paired,CVaR gamma=0.1 alpha=0.01,scripts/python_plots/posterior_stats/plot_step3_paired_posterior_stats.py,128,0.11813119318181821,0.9492490909090909,1500,0.0006098930537024733,0.11865791900092487,0.11813119318181821,-0.0005267258191066632,0.0005267258191066632,0.44390279514556263,0.0,0.0,0.0,0.0234375,10000,0.95,0.01,42
step3,primary-paired,CVaR gamma=0.1 alpha=0.01,scripts/python_plots/posterior_stats/plot_step3_paired_posterior_stats.py,128,0.11813119318181821,0.9492490909090909,3000,0.00030484484411470725,0.11833904193916914,0.11813119318181821,-0.00020784875735092856,0.00020784875735092856,0.17563836409776826,-0.0003188770617557346,0.0003188770617557346,0.26873643532653657,0.0234375,10000,0.95,0.01,42
step3,primary-paired,CVaR gamma=0.1 alpha=0.01,scripts/python_plots/posterior_stats/plot_step3_paired_posterior_stats.py,128,0.11813119318181821,0.9492490909090909,6000,0.00015239701408567563,0.11817968314084545,0.11813119318181821,-4.848995902724529e-05,4.848995902724529e-05,0.04103070658046646,-0.0004782358600794179,0.0004782358600794179,0.40303745768176696,0.0234375,10000,0.95,0.01,42
step4,primary-paired,PoF eps=0.0,scripts/python_plots/posterior_stats/plot_step4_paired_posterior_stats.py,122,0.07306383522727272,0.3403577272727273,250,0.0011808163905622504,0.07386893731174698,0.07306383522727272,-0.0008051020844742629,0.0008051020844742629,1.0899061415714069,0.0006357030201359082,0.0006357030201359082,0.8680526352346676,0.02459016393442623,10000,0.95,0.01,42
step4,primary-paired,PoF eps=0.0,scripts/python_plots/posterior_stats/plot_step4_paired_posterior_stats.py,122,0.07306383522727272,0.3403577272727273,500,0.0005892250125250492,0.07325131591307615,0.07306383522727272,-0.0001874806858034317,0.0001874806858034317,0.2559417308296633,1.808162146507697e-05,1.808162146507697e-05,0.024690458696767177,0.02459016393442623,10000,0.95,0.01,42
step4,primary-paired,PoF eps=0.0,scripts/python_plots/posterior_stats/plot_step4_paired_posterior_stats.py,122,0.07306383522727272,0.3403577272727273,1000,0.0002943175988488478,0.07323775017204705,0.07306383522727272,-0.00017391494477432545,0.00017391494477432545,0.23746625799641818,4.515880435970732e-06,4.515880435970732e-06,0.006166435880721479,0.02459016393442623,10000,0.95,0.01,42
step4,primary-paired,PoF eps=0.0,scripts/python_plots/posterior_stats/plot_step4_paired_posterior_stats.py,122,0.07306383522727272,0.3403577272727273,1500,0.0001961462850233464,0.07323323429161108,0.07306383522727272,-0.00016939906433835472,0.00016939906433835472,0.23131446532023442,0.0,0.0,0.0,0.02459016393442623,10000,0.95,0.01,42
step4,primary-paired,PoF eps=0.0,scripts/python_plots/posterior_stats/plot_step4_paired_posterior_stats.py,122,0.07306383522727272,0.3403577272727273,3000,9.804044056352379e-05,0.07313068098220239,0.07306383522727272,-6.684575492967026e-05,6.684575492967026e-05,0.09140589699409243,-0.00010255330940868446,0.00010255330940868446,0.14003657000907854,0.02459016393442623,10000,0.95,0.01,42
step4,primary-paired,PoF eps=0.0,scripts/python_plots/posterior_stats/plot_step4_paired_posterior_stats.py,122,0.07306383522727272,0.3403577272727273,6000,4.9012048883148585e-05,0.07307942997009918,0.07306383522727272,-1.5594742826460783e-05,1.5594742826460783e-05,0.02133944234765029,-0.00015380432151189394,0.00015380432151189394,0.21001984003526708,0.02459016393442623,10000,0.95,0.01,42
step4,primary-paired,PoF eps=0.01,scripts/python_plots/posterior_stats/plot_step4_paired_posterior_stats.py,128,0.08087133522727272,0.5079663636363636,250,0.0018867651857429682,0.08215776603573383,0.08087133522727272,-0.0012864308084611087,0.0012864308084611087,1.5658054868502467,0.0010157568411571505,0.0010157568411571505,1.2518260901346292,0.0234375,10000,0.95,0.01,42
step4,primary-paired,PoF eps=0.01,scripts/python_plots/posterior_stats/plot_step4_paired_posterior_stats.py,128,0.08087133522727272,0.5079663636363636,500,0.0009414920465931828,0.08117090087846146,0.08087133522727272,-0.00029956565118874345,0.00029956565118874345,0.36905547178451065,2.8891683884785246e-05,2.8891683884785246e-05,0.03560632053798871,0.0234375,10000,0.95,0.01,42
step4,primary-paired,PoF eps=0.01,scripts/python_plots/posterior_stats/plot_step4_paired_posterior_stats.py,128,0.08087133522727272,0.5079663636363636,1000,0.00047027480605605493,0.08114922488539675,0.08087133522727272,-0.0002778896581240309,0.0002778896581240309,0.34244277565988024,7.215690820072673e-06,7.215690820072673e-06,0.00889266964387043,0.0234375,10000,0.95,0.01,42
step4,primary-paired,PoF eps=0.01,scripts/python_plots/posterior_stats/plot_step4_paired_posterior_stats.py,128,0.08087133522727272,0.5079663636363636,1500,0.0003134119621414286,0.08114200919457668,0.08087133522727272,-0.0002706739673039582,0.0002706739673039582,0.33358055832076855,0.0,0.0,0.0,0.0234375,10000,0.95,0.01,42
step4,primary-paired,PoF eps=0.01,scripts/python_plots/posterior_stats/plot_step4_paired_posterior_stats.py,128,0.08087133522727272,0.5079663636363636,3000,0.0001566537283261074,0.08097814458749505,0.08087133522727272,-0.00010680936022233745,0.00010680936022233745,0.13189899665697125,-0.00016386460708162076,0.00016386460708162076,0.20194792895585958,0.0234375,10000,0.95,0.01,42
step4,primary-paired,PoF eps=0.01,scripts/python_plots/posterior_stats/plot_step4_paired_posterior_stats.py,128,0.08087133522727272,0.5079663636363636,6000,7.83138075095835e-05,0.08089625325693486,0.08087133522727272,-2.4918029662146512e-05,2.4918029662146512e-05,0.030802452102453096,-0.0002457559376418117,0.0002457559376418117,0.3028713980356274,0.0234375,10000,0.95,0.01,42
step4,primary-paired,CVaR gamma=0.1 alpha=0.01,scripts/python_plots/posterior_stats/plot_step4_paired_posterior_stats.py,128,0.1197918181818182,0.7976781818181817,250,0.002994678714859436,0.12183364457831326,0.1197918181818182,-0.0020418263964950695,0.0020418263964950695,1.6759134174818247,0.0016122119565654264,0.0016122119565654264,1.341035388954249,0.0234375,10000,0.95,0.01,42
step4,primary-paired,CVaR gamma=0.1 alpha=0.01,scripts/python_plots/posterior_stats/plot_step4_paired_posterior_stats.py,128,0.1197918181818182,0.7976781818181817,500,0.0014943386773547118,0.12026728957915833,0.1197918181818182,-0.0004754713973401381,0.0004754713973401381,0.39534556653261,4.5856957410495e-05,4.5856957410495e-05,0.03814374559549173,0.0234375,10000,0.95,0.01,42
step4,primary-paired,CVaR gamma=0.1 alpha=0.01,scripts/python_plots/posterior_stats/plot_step4_paired_posterior_stats.py,128,0.1197918181818182,0.7976781818181817,1000,0.0007464214214214226,0.1202328853853854,0.1197918181818182,-0.0004410672035672081,0.0004410672035672081,0.36684406446160267,1.1452763637564978e-05,1.1452763637564978e-05,0.009526390916999599,0.0234375,10000,0.95,0.01,42
step4,primary-paired,CVaR gamma=0.1 alpha=0.01,scripts/python_plots/posterior_stats/plot_step4_paired_posterior_stats.py,128,0.1197918181818182,0.7976781818181817,1500,0.0004974482988659157,0.12022143262174784,0.1197918181818182,-0.0004296144399296431,0.0004296144399296431,0.3573526205442395,0.0,0.0,0.0,0.0234375,10000,0.95,0.01,42
step4,primary-paired,CVaR gamma=0.1 alpha=0.01,scripts/python_plots/posterior_stats/plot_step4_paired_posterior_stats.py,128,0.1197918181818182,0.7976781818181817,3000,0.00024864121373791015,0.11996134628209404,0.1197918181818182,-0.0001695281002758453,0.0001695281002758453,0.14131893774949225,-0.0002600863396537978,0.0002600863396537978,0.21633941135280454,0.0234375,10000,0.95,0.01,42
step4,primary-paired,CVaR gamma=0.1 alpha=0.01,scripts/python_plots/posterior_stats/plot_step4_paired_posterior_stats.py,128,0.1197918181818182,0.7976781818181817,6000,0.00012429988331388864,0.1198313681446908,0.1197918181818182,-3.954996287260093e-05,3.954996287260093e-05,0.033004682734529237,-0.00039006447705704217,0.00039006447705704217,0.32445502316072067,0.0234375,10000,0.95,0.01,42
step2,dual-prior-32,"PoF eps=0.01, pointwise_median",scripts/julia_scripts/plotting/posterior_stats/plot_step2_dual_prior_stats.jl,32,0.07289375,0.39942500000000003,250,0.0014425075301204848,0.07387727786144577,0.07289375,-0.0009835278614457738,0.0009835278614457738,1.3312995415049613,0.0007765867757219547,0.0007765867757219547,1.0623521668369262,0.09375,10000,0.95,0.01,42
step2,dual-prior-32,"PoF eps=0.01, pointwise_median",scripts/julia_scripts/plotting/posterior_stats/plot_step2_dual_prior_stats.jl,32,0.07289375,0.39942500000000003,500,0.0007198083667334654,0.07312277993486974,0.07289375,-0.00022902993486974277,0.00022902993486974277,0.31321283883591283,2.2088849145923684e-05,2.2088849145923684e-05,0.03021701822219506,0.09375,10000,0.95,0.01,42
step2,dual-prior-32,"PoF eps=0.01, pointwise_median",scripts/julia_scripts/plotting/posterior_stats/plot_step2_dual_prior_stats.jl,32,0.07289375,0.39942500000000003,1000,0.000359543918918917,0.07310620777027026,0.07289375,-0.00021245777027026347,0.00021245777027026347,0.290615225095375,5.516684546444384e-06,5.516684546444384e-06,0.007546692739163124,0.09375,10000,0.95,0.01,42
step2,dual-prior-32,"PoF eps=0.01, pointwise_median",scripts/julia_scripts/plotting/posterior_stats/plot_step2_dual_prior_stats.jl,32,0.07289375,0.39942500000000003,1500,0.0002396159939959952,0.07310069108572381,0.07289375,-0.00020694108572381908,0.00020694108572381908,0.2830904641943031,0.0,0.0,0.0,0.09375,10000,0.95,0.01,42
step2,dual-prior-32,"PoF eps=0.01, pointwise_median",scripts/julia_scripts/plotting/posterior_stats/plot_step2_dual_prior_stats.jl,32,0.07289375,0.39942500000000003,3000,0.00011976804768255855,0.07297541003251083,0.07289375,-8.166003251083853e-05,8.166003251083853e-05,0.11190075187581497,-0.00012528105321298055,0.00012528105321298055,0.17138148949380766,0.09375,10000,0.95,0.01,42
step2,dual-prior-32,"PoF eps=0.01, pointwise_median",scripts/julia_scripts/plotting/posterior_stats/plot_step2_dual_prior_stats.jl,32,0.07289375,0.39942500000000003,6000,5.9874041506917386e-05,0.07291280083138856,0.07289375,-1.9050831388561784e-05,1.9050831388561784e-05,0.026128239721056646,-0.0001878902543352573,0.0001878902543352573,0.25702938172625744,0.09375,10000,0.95,0.01,42
step2,dual-prior-32,"CVaR gamma=0.1 alpha=0.01, pointwise_median",scripts/julia_scripts/plotting/posterior_stats/plot_step2_dual_prior_stats.jl,32,0.12199545454545457,0.6430181818181817,250,0.0023017068273092356,0.12356480010952905,0.12199545454545457,-0.0015693455640744813,0.0015693455640744813,1.2700587567684307,0.001239144369338599,0.001239144369338599,1.012988127339729,0.09375,10000,0.95,0.01,42
step2,dual-prior-32,"CVaR gamma=0.1 alpha=0.01, pointwise_median",scripts/julia_scripts/plotting/posterior_stats/plot_step2_dual_prior_stats.jl,32,0.12199545454545457,0.6430181818181817,500,0.001148547094188379,0.12236090134815086,0.12199545454545457,-0.0003654468026962898,0.0003654468026962898,0.29866305222490297,3.524560796040743e-05,3.524560796040743e-05,0.028812931961931337,0.09375,10000,0.95,0.01,42
step2,dual-prior-32,"CVaR gamma=0.1 alpha=0.01, pointwise_median",scripts/julia_scripts/plotting/posterior_stats/plot_step2_dual_prior_stats.jl,32,0.12199545454545457,0.6430181818181817,1000,0.0005736986986986936,0.12233445832195834,0.12199545454545457,-0.00033900377650376845,0.00033900377650376845,0.2771122553316764,8.802581767886064e-06,8.802581767886064e-06,0.007196022547046073,0.09375,10000,0.95,0.01,42
step2,dual-prior-32,"CVaR gamma=0.1 alpha=0.01, pointwise_median",scripts/julia_scripts/plotting/posterior_stats/plot_step2_dual_prior_stats.jl,32,0.12199545454545457,0.6430181818181817,1500,0.0003823382254836555,0.12232565574019046,0.12199545454545457,-0.0003302011947358824,0.0003302011947358824,0.2699361738450046,0.0,0.0,0.0,0.09375,10000,0.95,0.01,42
step2,dual-prior-32,"CVaR gamma=0.1 alpha=0.01, pointwise_median",scripts/julia_scripts/plotting/posterior_stats/plot_step2_dual_prior_stats.jl,32,0.12199545454545457,0.6430181818181817,3000,0.00019110536845615145,0.12212575366031103,0.12199545454545457,-0.00013029911485645806,0.00013029911485645806,0.1066925778971084,-0.00019990207987942432,0.00019990207987942432,0.16341795077232182,0.09375,10000,0.95,0.01,42
step2,dual-prior-32,"CVaR gamma=0.1 alpha=0.01, pointwise_median",scripts/julia_scripts/plotting/posterior_stats/plot_step2_dual_prior_stats.jl,32,0.12199545454545457,0.6430181818181817,6000,9.55367561260162e-05,0.12202585260422194,0.12199545454545457,-3.0398058767366898e-05,3.0398058767366898e-05,0.024911162772990256,-0.0002998031359685155,0.0002998031359685155,0.2450860648605657,0.09375,10000,0.95,0.01,42
step2,dual-prior-32,"PoF eps=0.01, paired_posterior_sample",scripts/julia_scripts/plotting/posterior_stats/plot_step2_dual_prior_stats.jl,32,0.07289375,0.39942500000000003,250,0.0014425075301204848,0.07387727786144577,0.07289375,-0.0009835278614457738,0.0009835278614457738,1.3312995415049613,0.0007765867757219547,0.0007765867757219547,1.0623521668369262,0.09375,10000,0.95,0.01,42
step2,dual-prior-32,"PoF eps=0.01, paired_posterior_sample",scripts/julia_scripts/plotting/posterior_stats/plot_step2_dual_prior_stats.jl,32,0.07289375,0.39942500000000003,500,0.0007198083667334654,0.07312277993486974,0.07289375,-0.00022902993486974277,0.00022902993486974277,0.31321283883591283,2.2088849145923684e-05,2.2088849145923684e-05,0.03021701822219506,0.09375,10000,0.95,0.01,42
step2,dual-prior-32,"PoF eps=0.01, paired_posterior_sample",scripts/julia_scripts/plotting/posterior_stats/plot_step2_dual_prior_stats.jl,32,0.07289375,0.39942500000000003,1000,0.000359543918918917,0.07310620777027026,0.07289375,-0.00021245777027026347,0.00021245777027026347,0.290615225095375,5.516684546444384e-06,5.516684546444384e-06,0.007546692739163124,0.09375,10000,0.95,0.01,42
step2,dual-prior-32,"PoF eps=0.01, paired_posterior_sample",scripts/julia_scripts/plotting/posterior_stats/plot_step2_dual_prior_stats.jl,32,0.07289375,0.39942500000000003,1500,0.0002396159939959952,0.07310069108572381,0.07289375,-0.00020694108572381908,0.00020694108572381908,0.2830904641943031,0.0,0.0,0.0,0.09375,10000,0.95,0.01,42
step2,dual-prior-32,"PoF eps=0.01, paired_posterior_sample",scripts/julia_scripts/plotting/posterior_stats/plot_step2_dual_prior_stats.jl,32,0.07289375,0.39942500000000003,3000,0.00011976804768255855,0.07297541003251083,0.07289375,-8.166003251083853e-05,8.166003251083853e-05,0.11190075187581497,-0.00012528105321298055,0.00012528105321298055,0.17138148949380766,0.09375,10000,0.95,0.01,42
step2,dual-prior-32,"PoF eps=0.01, paired_posterior_sample",scripts/julia_scripts/plotting/posterior_stats/plot_step2_dual_prior_stats.jl,32,0.07289375,0.39942500000000003,6000,5.9874041506917386e-05,0.07291280083138856,0.07289375,-1.9050831388561784e-05,1.9050831388561784e-05,0.026128239721056646,-0.0001878902543352573,0.0001878902543352573,0.25702938172625744,0.09375,10000,0.95,0.01,42
step2,dual-prior-32,"CVaR gamma=0.1 alpha=0.01, paired_posterior_sample",scripts/julia_scripts/plotting/posterior_stats/plot_step2_dual_prior_stats.jl,32,0.1248807528409091,0.6430181818181817,250,0.0022889605296184667,0.12644140774746715,0.1248807528409091,-0.0015606549065580455,0.0015606549065580455,1.2342909924532284,0.0012322822864590521,0.0012322822864590521,0.9841792935793664,0.09375,10000,0.95,0.01,42
step2,dual-prior-32,"CVaR gamma=0.1 alpha=0.01, paired_posterior_sample",scripts/julia_scripts/plotting/posterior_stats/plot_step2_dual_prior_stats.jl,32,0.1248807528409091,0.6430181818181817,500,0.0011421867171843708,0.12524417588728592,0.1248807528409091,-0.00036342304637682066,0.00036342304637682066,0.290171613811316,3.5050426277827285e-05,3.5050426277827285e-05,0.027993507780503177,0.09375,10000,0.95,0.01,42
step2,dual-prior-32,"CVaR gamma=0.1 alpha=0.01, paired_posterior_sample",scripts/julia_scripts/plotting/posterior_stats/plot_step2_dual_prior_stats.jl,32,0.1248807528409091,0.6430181818181817,1000,0.0005705216935685681,0.1252178792961996,0.1248807528409091,-0.0003371264552904929,0.0003371264552904929,0.26923188380553,8.753835191499526e-06,8.753835191499526e-06,0.0069913715627904416,0.09375,10000,0.95,0.01,42
step2,dual-prior-32,"CVaR gamma=0.1 alpha=0.01, paired_posterior_sample",scripts/julia_scripts/plotting/posterior_stats/plot_step2_dual_prior_stats.jl,32,0.1248807528409091,0.6430181818181817,1500,0.00038022092853569334,0.1252091254610081,0.1248807528409091,-0.0003283726200989934,0.0003283726200989934,0.2622593352441019,0.0,0.0,0.0,0.09375,10000,0.95,0.01,42
step2,dual-prior-32,"CVaR gamma=0.1 alpha=0.01, paired_posterior_sample",scripts/julia_scripts/plotting/posterior_stats/plot_step2_dual_prior_stats.jl,32,0.1248807528409091,0.6430181818181817,3000,0.00019004707298266033,0.12501033039067,0.1248807528409091,-0.0001295775497608953,0.0001295775497608953,0.10365347356170669,-0.00019879507033809807,0.00019879507033809807,0.1587704327509305,0.09375,10000,0.95,0.01,42
step2,dual-prior-32,"CVaR gamma=0.1 alpha=0.01, paired_posterior_sample",scripts/julia_scripts/plotting/posterior_stats/plot_step2_dual_prior_stats.jl,32,0.1248807528409091,0.6430181818181817,6000,9.500769659526176e-05,0.12491098256255304,0.1248807528409091,-3.0229721643931784e-05,3.0229721643931784e-05,0.024201011811586157,-0.0002981428984550616,0.0002981428984550616,0.23811594990167673,0.09375,10000,0.95,0.01,42
