ensemble_position,realization_id,start_day,comparison_day,missing_80_day_periods,saved_restart_source
1,741,480,1920,18,data/forward_comparisons/joint_perm_day480_20260915T031220Z_attempt2/members/001/day480.jld2
3,834,0,1920,24,
5,732,480,1920,18,data/forward_comparisons/joint_perm_day480_20260915T031220Z_attempt2/members/005/day480.jld2
7,1844,0,1920,24,
9,312,480,1920,18,data/forward_comparisons/joint_perm_day480_20260915T031220Z_attempt2/members/009/day480.jld2
11,1335,0,1920,24,
13,1593,480,1920,18,data/forward_comparisons/joint_perm_day480_20260915T031220Z_attempt2/members/013/day480.jld2
15,1509,0,1920,24,
17,697,480,1920,18,data/forward_comparisons/joint_perm_day480_20260915T031220Z_attempt2/members/017/day480.jld2
19,699,0,1920,24,
21,133,480,1920,18,data/forward_comparisons/joint_perm_day480_20260915T031220Z_attempt2/members/021/day480.jld2
23,1867,0,1920,24,
26,76,480,1920,18,data/forward_comparisons/joint_perm_day480_20260915T031220Z_attempt2/members/026/day480.jld2
28,1553,0,1920,24,
30,1266,480,1920,18,data/forward_comparisons/joint_perm_day480_20260915T031220Z_attempt2/members/030/day480.jld2
32,1111,0,1920,24,
34,1280,480,1920,18,data/forward_comparisons/joint_perm_day480_20260915T031220Z_attempt2/members/034/day480.jld2
36,1035,0,1920,24,
38,1956,480,1920,18,data/forward_comparisons/joint_perm_day480_20260915T031220Z_attempt2/members/038/day480.jld2
40,96,0,1920,24,
42,584,480,1920,18,data/forward_comparisons/joint_perm_day480_20260915T031220Z_attempt2/members/042/day480.jld2
44,1694,0,1920,24,
46,67,480,1920,18,data/forward_comparisons/joint_perm_day480_20260915T031220Z_attempt2/members/046/day480.jld2
48,135,0,1920,24,
50,1503,480,1920,18,data/forward_comparisons/joint_perm_day480_20260915T031220Z_attempt2/members/050/day480.jld2
52,1689,0,1920,24,
54,121,480,1920,18,data/forward_comparisons/joint_perm_day480_20260915T031220Z_attempt2/members/054/day480.jld2
56,816,0,1920,24,
58,234,480,1920,18,data/forward_comparisons/joint_perm_day480_20260915T031220Z_attempt2/members/058/day480.jld2
60,555,0,1920,24,
62,734,480,1920,18,data/forward_comparisons/joint_perm_day480_20260915T031220Z_attempt2/members/062/day480.jld2
64,180,0,1920,24,
65,1786,0,1920,24,
67,130,480,1920,18,data/forward_comparisons/joint_perm_day480_20260915T031220Z_attempt2/members/067/day480.jld2
68,1466,0,1920,24,
71,177,480,1920,18,data/forward_comparisons/joint_perm_day480_20260915T031220Z_attempt2/members/071/day480.jld2
73,448,0,1920,24,
75,1668,480,1920,18,data/forward_comparisons/joint_perm_day480_20260915T031220Z_attempt2/members/075/day480.jld2
77,707,0,1920,24,
79,1141,480,1920,18,data/forward_comparisons/joint_perm_day480_20260915T031220Z_attempt2/members/079/day480.jld2
81,682,0,1920,24,
83,1011,480,1920,18,data/forward_comparisons/joint_perm_day480_20260915T031220Z_attempt2/members/083/day480.jld2
85,1485,0,1920,24,
87,1949,480,1920,18,data/forward_comparisons/joint_perm_day480_20260915T031220Z_attempt2/members/087/day480.jld2
89,43,0,1920,24,
91,1787,480,1920,18,data/forward_comparisons/joint_perm_day480_20260915T031220Z_attempt2/members/091/day480.jld2
93,933,0,1920,24,
95,484,480,1920,18,data/forward_comparisons/joint_perm_day480_20260915T031220Z_attempt2/members/095/day480.jld2
97,1724,0,1920,24,
99,833,480,1920,18,data/forward_comparisons/joint_perm_day480_20260915T031220Z_attempt2/members/099/day480.jld2
101,960,0,1920,24,
103,1616,480,1920,18,data/forward_comparisons/joint_perm_day480_20260915T031220Z_attempt2/members/103/day480.jld2
105,1929,0,1920,24,
108,940,480,1920,18,data/forward_comparisons/joint_perm_day480_20260915T031220Z_attempt2/members/108/day480.jld2
110,1020,0,1920,24,
112,1666,480,1920,18,data/forward_comparisons/joint_perm_day480_20260915T031220Z_attempt2/members/112/day480.jld2
114,53,0,1920,24,
116,222,480,1920,18,data/forward_comparisons/joint_perm_day480_20260915T031220Z_attempt2/members/116/day480.jld2
118,1114,0,1920,24,
120,1237,480,1920,18,data/forward_comparisons/joint_perm_day480_20260915T031220Z_attempt2/members/120/day480.jld2
122,685,0,1920,24,
124,1845,480,1920,18,data/forward_comparisons/joint_perm_day480_20260915T031220Z_attempt2/members/124/day480.jld2
126,488,0,1920,24,
128,1542,480,1920,18,data/forward_comparisons/joint_perm_day480_20260915T031220Z_attempt2/members/128/day480.jld2
