action,path,destination,files,bytes
archive_directory,plots/paper_figures/statistical_readability_preview_20260927_v1,archive/figure_previews/statistical_readability_preview_20260927_v1,0,0
archive_directory,plots/paper_figures/statistical_readability_preview_20260927_v10,archive/figure_previews/statistical_readability_preview_20260927_v10,1,203181
archive_directory,plots/paper_figures/statistical_readability_preview_20260927_v11,archive/figure_previews/statistical_readability_preview_20260927_v11,5,1730974
archive_directory,plots/paper_figures/statistical_readability_preview_20260927_v12,archive/figure_previews/statistical_readability_preview_20260927_v12,9,3256599
archive_directory,plots/paper_figures/statistical_readability_preview_20260927_v2,archive/figure_previews/statistical_readability_preview_20260927_v2,5,1606937
archive_directory,plots/paper_figures/statistical_readability_preview_20260927_v3,archive/figure_previews/statistical_readability_preview_20260927_v3,1,205020
archive_directory,plots/paper_figures/statistical_readability_preview_20260927_v4,archive/figure_previews/statistical_readability_preview_20260927_v4,1,205059
archive_directory,plots/paper_figures/statistical_readability_preview_20260927_v5,archive/figure_previews/statistical_readability_preview_20260927_v5,1,208523
archive_directory,plots/paper_figures/statistical_readability_preview_20260927_v6,archive/figure_previews/statistical_readability_preview_20260927_v6,1,208153
archive_directory,plots/paper_figures/statistical_readability_preview_20260927_v7,archive/figure_previews/statistical_readability_preview_20260927_v7,5,1721849
archive_directory,plots/paper_figures/statistical_readability_preview_20260927_v8,archive/figure_previews/statistical_readability_preview_20260927_v8,1,201704
archive_directory,plots/paper_figures/statistical_readability_preview_20260927_v9,archive/figure_previews/statistical_readability_preview_20260927_v9,1,203242
archive_directory,plots/paper_figures/posterior_appendix_e_layout_preview_20261002_v1,archive/figure_previews/posterior_appendix_e_layout_preview_20261002_v1,4,82163
archive_directory,plots/paper_figures/posterior_appendix_e_layout_preview_20261002_v2,archive/figure_previews/posterior_appendix_e_layout_preview_20261002_v2,13,5574215
archive_directory,plots/paper_figures/posterior_appendix_e_layout_preview_20261002_v3,archive/figure_previews/posterior_appendix_e_layout_preview_20261002_v3,26,8611959
archive_directory,plots/paper_figures/perm_ensemble_compact_20260907,archive/figure_previews/perm_ensemble_compact_20260907,1,1083786
archive_directory,plots/paper_figures/perm_ensemble_tight_20260907,archive/figure_previews/perm_ensemble_tight_20260907,1,1078655
archive_directory,plots/paper_figures/perm_ensemble_typography_20260907,archive/figure_previews/perm_ensemble_typography_20260907,1,536196
archive_directory,plots/paper_figures/perm_ensemble_typography_20260907_v2,archive/figure_previews/perm_ensemble_typography_20260907_v2,1,1358978
untrack_keep_local,plots/DT_control/exp_name=step1/statistical_analysis/ecdf/labels_reviewed_v3_20260915/caption.md,plots/DT_control/exp_name=step1/statistical_analysis/ecdf/labels_reviewed_v3_20260915/caption.md,1,775
untrack_keep_local,plots/DT_control/exp_name=step1/statistical_analysis/ecdf/labels_reviewed_v3_20260915/cdf_POF_eps0.01.png,plots/DT_control/exp_name=step1/statistical_analysis/ecdf/labels_reviewed_v3_20260915/cdf_POF_eps0.01.png,1,220183
untrack_keep_local,plots/DT_control/exp_name=step1/statistical_analysis/ecdf/labels_reviewed_v3_20260915/changed_strings.csv,plots/DT_control/exp_name=step1/statistical_analysis/ecdf/labels_reviewed_v3_20260915/changed_strings.csv,1,334
untrack_keep_local,plots/DT_control/exp_name=step1/statistical_analysis/ecdf/labels_reviewed_v3_20260915/grid_cdf_4x3.png,plots/DT_control/exp_name=step1/statistical_analysis/ecdf/labels_reviewed_v3_20260915/grid_cdf_4x3.png,1,853869
untrack_keep_local,plots/DT_control/exp_name=step1/statistical_analysis/ecdf/labels_reviewed_v3_20260915/grid_cdf_selected_1x3.png,plots/DT_control/exp_name=step1/statistical_analysis/ecdf/labels_reviewed_v3_20260915/grid_cdf_selected_1x3.png,1,336458
untrack_keep_local,plots/DT_control/exp_name=step1/statistical_analysis/ecdf/labels_reviewed_v3_20260915/grid_histogram_4x3.png,plots/DT_control/exp_name=step1/statistical_analysis/ecdf/labels_reviewed_v3_20260915/grid_histogram_4x3.png,1,556237
untrack_keep_local,plots/DT_control/exp_name=step1/statistical_analysis/ecdf/labels_reviewed_v3_20260915/grid_verification.json,plots/DT_control/exp_name=step1/statistical_analysis/ecdf/labels_reviewed_v3_20260915/grid_verification.json,1,4007
untrack_keep_local,plots/DT_control/exp_name=step1/statistical_analysis/ecdf/labels_reviewed_v3_20260915/input_checksums.json,plots/DT_control/exp_name=step1/statistical_analysis/ecdf/labels_reviewed_v3_20260915/input_checksums.json,1,3914
untrack_keep_local,plots/DT_control/exp_name=step1/statistical_analysis/ecdf/labels_reviewed_v3_20260915/manifest.json,plots/DT_control/exp_name=step1/statistical_analysis/ecdf/labels_reviewed_v3_20260915/manifest.json,1,1339
untrack_keep_local,plots/DT_control/exp_name=step1/statistical_analysis/ecdf/labels_reviewed_v3_20260915/p1-select_cache_provenance.toml,plots/DT_control/exp_name=step1/statistical_analysis/ecdf/labels_reviewed_v3_20260915/p1-select_cache_provenance.toml,1,383
untrack_keep_local,plots/DT_control/exp_name=step1/statistical_analysis/ecdf/labels_reviewed_v3_20260915/single_numerical_verification.json,plots/DT_control/exp_name=step1/statistical_analysis/ecdf/labels_reviewed_v3_20260915/single_numerical_verification.json,1,6941
untrack_keep_local,plots/DT_control/exp_name=step1/statistical_analysis/ecdf/labels_reviewed_v4_20260915/caption.md,plots/DT_control/exp_name=step1/statistical_analysis/ecdf/labels_reviewed_v4_20260915/caption.md,1,775
untrack_keep_local,plots/DT_control/exp_name=step1/statistical_analysis/ecdf/labels_reviewed_v4_20260915/cdf_POF_eps0.01.png,plots/DT_control/exp_name=step1/statistical_analysis/ecdf/labels_reviewed_v4_20260915/cdf_POF_eps0.01.png,1,213724
untrack_keep_local,plots/DT_control/exp_name=step1/statistical_analysis/ecdf/labels_reviewed_v4_20260915/changed_strings.csv,plots/DT_control/exp_name=step1/statistical_analysis/ecdf/labels_reviewed_v4_20260915/changed_strings.csv,1,281
untrack_keep_local,plots/DT_control/exp_name=step1/statistical_analysis/ecdf/labels_reviewed_v4_20260915/input_checksums.json,plots/DT_control/exp_name=step1/statistical_analysis/ecdf/labels_reviewed_v4_20260915/input_checksums.json,1,5905
untrack_keep_local,plots/DT_control/exp_name=step1/statistical_analysis/ecdf/labels_reviewed_v4_20260915/manifest.json,plots/DT_control/exp_name=step1/statistical_analysis/ecdf/labels_reviewed_v4_20260915/manifest.json,1,410
untrack_keep_local,plots/DT_control/exp_name=step1/statistical_analysis/ecdf/labels_reviewed_v4_20260915/p1-select_cache_provenance.toml,plots/DT_control/exp_name=step1/statistical_analysis/ecdf/labels_reviewed_v4_20260915/p1-select_cache_provenance.toml,1,383
untrack_keep_local,plots/DT_control/exp_name=step1/statistical_analysis/ecdf/labels_reviewed_v4_20260915/single_numerical_verification.json,plots/DT_control/exp_name=step1/statistical_analysis/ecdf/labels_reviewed_v4_20260915/single_numerical_verification.json,1,6941
untrack_keep_local,plots/DT_control/exp_name=step1/statistical_analysis/ecdf/labels_reviewed_v5_20260915/cache_provenance.toml,plots/DT_control/exp_name=step1/statistical_analysis/ecdf/labels_reviewed_v5_20260915/cache_provenance.toml,1,415
untrack_keep_local,plots/DT_control/exp_name=step1/statistical_analysis/ecdf/labels_reviewed_v5_20260915/caption.md,plots/DT_control/exp_name=step1/statistical_analysis/ecdf/labels_reviewed_v5_20260915/caption.md,1,775
untrack_keep_local,plots/DT_control/exp_name=step1/statistical_analysis/ecdf/labels_reviewed_v5_20260915/cdf_POF_eps0.01.png,plots/DT_control/exp_name=step1/statistical_analysis/ecdf/labels_reviewed_v5_20260915/cdf_POF_eps0.01.png,1,215390
untrack_keep_local,plots/DT_control/exp_name=step1/statistical_analysis/ecdf/labels_reviewed_v5_20260915/changed_strings.csv,plots/DT_control/exp_name=step1/statistical_analysis/ecdf/labels_reviewed_v5_20260915/changed_strings.csv,1,619
untrack_keep_local,plots/DT_control/exp_name=step1/statistical_analysis/ecdf/labels_reviewed_v5_20260915/grid_cdf_4x3.png,plots/DT_control/exp_name=step1/statistical_analysis/ecdf/labels_reviewed_v5_20260915/grid_cdf_4x3.png,1,855078
untrack_keep_local,plots/DT_control/exp_name=step1/statistical_analysis/ecdf/labels_reviewed_v5_20260915/grid_cdf_selected_1x3.png,plots/DT_control/exp_name=step1/statistical_analysis/ecdf/labels_reviewed_v5_20260915/grid_cdf_selected_1x3.png,1,338141
untrack_keep_local,plots/DT_control/exp_name=step1/statistical_analysis/ecdf/labels_reviewed_v5_20260915/grid_histogram_selected_1x3.png,plots/DT_control/exp_name=step1/statistical_analysis/ecdf/labels_reviewed_v5_20260915/grid_histogram_selected_1x3.png,1,216432
untrack_keep_local,plots/DT_control/exp_name=step1/statistical_analysis/ecdf/labels_reviewed_v5_20260915/hist_POF_eps0.01.png,plots/DT_control/exp_name=step1/statistical_analysis/ecdf/labels_reviewed_v5_20260915/hist_POF_eps0.01.png,1,121146
untrack_keep_local,plots/DT_control/exp_name=step1/statistical_analysis/ecdf/labels_reviewed_v5_20260915/input_checksums.json,plots/DT_control/exp_name=step1/statistical_analysis/ecdf/labels_reviewed_v5_20260915/input_checksums.json,1,1074
untrack_keep_local,plots/DT_control/exp_name=step1/statistical_analysis/ecdf/labels_reviewed_v5_20260915/manifest.json,plots/DT_control/exp_name=step1/statistical_analysis/ecdf/labels_reviewed_v5_20260915/manifest.json,1,1750
untrack_keep_local,plots/DT_control/exp_name=step1/statistical_analysis/ecdf/labels_reviewed_v5_20260915/png_verification.json,plots/DT_control/exp_name=step1/statistical_analysis/ecdf/labels_reviewed_v5_20260915/png_verification.json,1,7256
untrack_keep_local,plots/DT_control/exp_name=step1/statistical_analysis/ecdf/labels_reviewed_v5_20260915/single_numerical_verification.json,plots/DT_control/exp_name=step1/statistical_analysis/ecdf/labels_reviewed_v5_20260915/single_numerical_verification.json,1,7556
untrack_keep_local,plots/DT_control/exp_name=step1/statistical_analysis/ecdf/labels_reviewed_v5_20260915/visual_review.json,plots/DT_control/exp_name=step1/statistical_analysis/ecdf/labels_reviewed_v5_20260915/visual_review.json,1,623
untrack_keep_local,plots/paper_figures/posterior/posterior_mean_step1.pdf,plots/paper_figures/posterior/posterior_mean_step1.pdf,1,229131
untrack_keep_local,plots/paper_figures/posterior/posterior_mean_step1.png,plots/paper_figures/posterior/posterior_mean_step1.png,1,611942
untrack_keep_local,plots/paper_figures/posterior/posterior_mean_step1.svg,plots/paper_figures/posterior/posterior_mean_step1.svg,1,438757
untrack_keep_local,plots/paper_figures/posterior/posterior_mean_step2.pdf,plots/paper_figures/posterior/posterior_mean_step2.pdf,1,315306
untrack_keep_local,plots/paper_figures/posterior/posterior_mean_step2.png,plots/paper_figures/posterior/posterior_mean_step2.png,1,754335
untrack_keep_local,plots/paper_figures/posterior/posterior_mean_step2.svg,plots/paper_figures/posterior/posterior_mean_step2.svg,1,607909
untrack_keep_local,plots/paper_figures/posterior/posterior_mean_step3.pdf,plots/paper_figures/posterior/posterior_mean_step3.pdf,1,376467
untrack_keep_local,plots/paper_figures/posterior/posterior_mean_step3.png,plots/paper_figures/posterior/posterior_mean_step3.png,1,861603
untrack_keep_local,plots/paper_figures/posterior/posterior_mean_step3.svg,plots/paper_figures/posterior/posterior_mean_step3.svg,1,744941
untrack_keep_local,plots/paper_figures/posterior/posterior_mean_step4.pdf,plots/paper_figures/posterior/posterior_mean_step4.pdf,1,375949
untrack_keep_local,plots/paper_figures/posterior/posterior_mean_step4.png,plots/paper_figures/posterior/posterior_mean_step4.png,1,870055
untrack_keep_local,plots/paper_figures/posterior/posterior_mean_step4.svg,plots/paper_figures/posterior/posterior_mean_step4.svg,1,761181
untrack_keep_local,plots/paper_figures/posterior/posterior_std_step1.pdf,plots/paper_figures/posterior/posterior_std_step1.pdf,1,400812
untrack_keep_local,plots/paper_figures/posterior/posterior_std_step1.png,plots/paper_figures/posterior/posterior_std_step1.png,1,1062400
untrack_keep_local,plots/paper_figures/posterior/posterior_std_step1.svg,plots/paper_figures/posterior/posterior_std_step1.svg,1,832358
untrack_keep_local,plots/paper_figures/posterior/posterior_std_step2.pdf,plots/paper_figures/posterior/posterior_std_step2.pdf,1,520732
untrack_keep_local,plots/paper_figures/posterior/posterior_std_step2.png,plots/paper_figures/posterior/posterior_std_step2.png,1,1294368
untrack_keep_local,plots/paper_figures/posterior/posterior_std_step2.svg,plots/paper_figures/posterior/posterior_std_step2.svg,1,1105242
untrack_keep_local,plots/paper_figures/posterior/posterior_std_step3.pdf,plots/paper_figures/posterior/posterior_std_step3.pdf,1,578571
untrack_keep_local,plots/paper_figures/posterior/posterior_std_step3.png,plots/paper_figures/posterior/posterior_std_step3.png,1,1386593
untrack_keep_local,plots/paper_figures/posterior/posterior_std_step3.svg,plots/paper_figures/posterior/posterior_std_step3.svg,1,1224266
untrack_keep_local,plots/paper_figures/posterior/posterior_std_step4.pdf,plots/paper_figures/posterior/posterior_std_step4.pdf,1,539319
untrack_keep_local,plots/paper_figures/posterior/posterior_std_step4.png,plots/paper_figures/posterior/posterior_std_step4.png,1,1323735
untrack_keep_local,plots/paper_figures/posterior/posterior_std_step4.svg,plots/paper_figures/posterior/posterior_std_step4.svg,1,1136450
untrack_keep_local,plots/paper_figures/statistical/injection_rate_hist_ecdf_step2.pdf,plots/paper_figures/statistical/injection_rate_hist_ecdf_step2.pdf,1,157279
untrack_keep_local,plots/paper_figures/statistical/injection_rate_hist_ecdf_step2.png,plots/paper_figures/statistical/injection_rate_hist_ecdf_step2.png,1,1017831
untrack_keep_local,plots/paper_figures/statistical/injection_rate_hist_ecdf_step2.svg,plots/paper_figures/statistical/injection_rate_hist_ecdf_step2.svg,1,643568
untrack_keep_local,plots/paper_figures/statistical/injection_rate_hist_ecdf_step3.pdf,plots/paper_figures/statistical/injection_rate_hist_ecdf_step3.pdf,1,158372
untrack_keep_local,plots/paper_figures/statistical/injection_rate_hist_ecdf_step3.png,plots/paper_figures/statistical/injection_rate_hist_ecdf_step3.png,1,1007111
untrack_keep_local,plots/paper_figures/statistical/injection_rate_hist_ecdf_step3.svg,plots/paper_figures/statistical/injection_rate_hist_ecdf_step3.svg,1,630721
untrack_keep_local,plots/paper_figures/statistical/injection_rate_hist_ecdf_step4.pdf,plots/paper_figures/statistical/injection_rate_hist_ecdf_step4.pdf,1,158911
untrack_keep_local,plots/paper_figures/statistical/injection_rate_hist_ecdf_step4.png,plots/paper_figures/statistical/injection_rate_hist_ecdf_step4.png,1,1006674
untrack_keep_local,plots/paper_figures/statistical/injection_rate_hist_ecdf_step4.svg,plots/paper_figures/statistical/injection_rate_hist_ecdf_step4.svg,1,636358
