group,path,bytes,sha256_at_review,tracked,status
G,src/threshold_sensitivity.jl,79294,1d301a7d5830327fcf23328fcd312eb350000f569677f2a5725f55fad5826c92,True,deleted_with_user_approval
G,src/archive/threshold_sensitivity_compact.jl,48552,de53e8842b6e3460c22f983a4cacacccb77b8e17e9fe9f99ddbab08de75caec8,True,deleted_with_user_approval
G,scripts/shell/submit/submit_gamma_table_generation.sh,2231,0cb4326cfb0ad78b5f6aa9b0fdd6726defe77a0f839262dfe333e058b0f848ab,True,deleted_with_user_approval
G,scripts/shell/submit/submit_threshold_sensitivity.sh,5033,fba4ac1b67acddcfa6ca0391190dad6778162a0e33ba256c2003a7bb2c354ffd,True,deleted_with_user_approval
G,scripts/shell/run/run_plot_threshold_sensitivity.sh,781,3597e11652d1ebc40c36ed27cb86d510f909cffd715632f3bdd7dede2d4bcd62,True,deleted_with_user_approval
G,scripts/julia_scripts/utilities/check_gamma_table.jl,3564,89ac850ab61335d9874ee3cc514c7b50d619975a13b700e4363c4bd69b49c9be,True,deleted_with_user_approval
G,scripts/julia_scripts/utilities/view_gamma_table.jl,1609,b745de71f8878904857b4c6dd6571e8489c458bb77d4d2ccb941c35d8fdef5a4,True,deleted_with_user_approval
G,scripts/julia_scripts/utilities/check_progress.jl,7194,9f87bc97932041e4e2c24adcbf32ad6fcc2ae16b195d63ca17d5838c86eb099f,True,deleted_with_user_approval
G,scripts/julia_scripts/plotting/legacy_step1/plot_pof_vs_cvar.jl,10864,90c0cae47026230baa5759487c4afa647d19feadeb56bbe2485d3c720f8ab835,True,deleted_with_user_approval
G,scripts/julia_scripts/plotting/legacy_step1/plot_pof_cvar_comparison_advanced.jl,12631,e76da5eab13cba907fb7a2444c30a04115862ab3b8519edd858eea1d75cbe04d,True,deleted_with_user_approval
G,scripts/julia_scripts/plotting/legacy_step1/plot_threshold_sensitivity.jl,18491,feafb1fb89032d6dcafab3b0d110fbbb2685cd213be3bf9335aa0a32a3019d21,True,deleted_with_user_approval
G,scripts/gamma_tables/gamma_table__sample=128__20251125_122949.jld2,11337,7dcbadfda8939316bbdc4074d502a9ab299c57eb85d529f13f721de8c380e5b7,True,deleted_with_user_approval
G,plots/DT_control/exp_name=step1/threshold_sensitivity/COMPARISON_GUIDE.md,4728,93f0492eb7f169a578accde14ddcc6f312ae72ceb9d7efed22c73cb1620028a0,False,deleted_with_user_approval
G,plots/DT_control/exp_name=step1/threshold_sensitivity/README.md,2873,cc5b266b167e826036a47b02590e6fe1aeb3f15845b2cc84784d5548b71cda15,False,deleted_with_user_approval
G,plots/DT_control/exp_name=step1/threshold_sensitivity/VIEW_THESE_PLOTS.md,3037,60d347f1e3789c685363bf0a57ea6ec5b7abcc232f14d8b5afc82e362feb60d0,False,deleted_with_user_approval
G,plots/DT_control/exp_name=step1/threshold_sensitivity/WHICH_PLOTS_TO_VIEW.md,3056,b93d808559fdfe85c1248c080eba03cf4cab05c01f12e26d5dbd43e32cac4c98,False,deleted_with_user_approval
G,plots/DT_control/exp_name=step1/threshold_sensitivity/archive/cvar_vs_threshold__sample=128_#1.png,36247,af8b1b107a0275526e7e30981fc1b4f10aa79d3d9bb15d8883a521470fc37d8a,False,deleted_with_user_approval
G,plots/DT_control/exp_name=step1/threshold_sensitivity/archive/cvar_vs_threshold__sample=128_#10.png,46519,6ccb13f77703829ef635c9282904f84d60c1f0a9bf5fd18e6b4bd969d83fa717,False,deleted_with_user_approval
G,plots/DT_control/exp_name=step1/threshold_sensitivity/archive/cvar_vs_threshold__sample=128_#2.png,33246,cc2f88db62c85f2e733527cb4a8b851e587d8406782b0012d8e802133d7be98d,False,deleted_with_user_approval
G,plots/DT_control/exp_name=step1/threshold_sensitivity/archive/cvar_vs_threshold__sample=128_#3.png,33156,66b6961ca2b7bd45271e4234d86ad8b91b9d7c554e2c003efc333e6e171aa6c5,False,deleted_with_user_approval
G,plots/DT_control/exp_name=step1/threshold_sensitivity/archive/cvar_vs_threshold__sample=128_#4.png,39210,ea08e8566be69d49e33cad4e4a75234154dac8e7f29f99faa9f9d4052a660714,False,deleted_with_user_approval
G,plots/DT_control/exp_name=step1/threshold_sensitivity/archive/cvar_vs_threshold__sample=128_#5.png,35480,a4b235260f4255c27c268b7a3374755c4035ef852d4dfe974ec22598bd337621,False,deleted_with_user_approval
G,plots/DT_control/exp_name=step1/threshold_sensitivity/archive/cvar_vs_threshold__sample=128_#6.png,20335,8a9e32cdea413ee52e47d5ef0a0a8ae771c18b9f29a8348117572ac660c974e4,False,deleted_with_user_approval
G,plots/DT_control/exp_name=step1/threshold_sensitivity/archive/cvar_vs_threshold__sample=128_#7.png,33959,7e1f88c935feeed318f24df5ed077b27faf90bff659e47db62cef991aabc0f5b,False,deleted_with_user_approval
G,plots/DT_control/exp_name=step1/threshold_sensitivity/archive/cvar_vs_threshold__sample=128_#8.png,35165,8684989b847a176dc933efb7a3edc5b8bf477a28f82ea6c1e749ef06379b9600,False,deleted_with_user_approval
G,plots/DT_control/exp_name=step1/threshold_sensitivity/archive/cvar_vs_threshold__sample=128_#9.png,18637,7a28ee06e190776a66ecec5cdfb1e1a48adce6d76074fa475ca1b0553d4e41d8,False,deleted_with_user_approval
G,plots/DT_control/exp_name=step1/threshold_sensitivity/archive/inj_rate_vs_threshold__sample=128_#1.png,26231,37f11bf239fd01b476bea2088a5356da9bfb173affebedda80c1bd3b426be741,False,deleted_with_user_approval
G,plots/DT_control/exp_name=step1/threshold_sensitivity/archive/inj_rate_vs_threshold__sample=128_#10.png,35192,35cbe033ef297a312601c70291220b300108e6b002d63fee2789f9129aabcd70,False,deleted_with_user_approval
G,plots/DT_control/exp_name=step1/threshold_sensitivity/archive/inj_rate_vs_threshold__sample=128_#2.png,26672,48d61f02a910077c6b73ef7f6aa03dda797da41b4c4e07c39601f4d4d9e3bbfb,False,deleted_with_user_approval
G,plots/DT_control/exp_name=step1/threshold_sensitivity/archive/inj_rate_vs_threshold__sample=128_#3.png,26625,8789461e71744e4a3c9360f4b6baabaaadc3e0441cc2ee7e264fccf252493392,False,deleted_with_user_approval
G,plots/DT_control/exp_name=step1/threshold_sensitivity/archive/inj_rate_vs_threshold__sample=128_#4.png,26856,c0294471cde842174cd90ff7423efc1111a0df341864e8a6a8cca4af53c911bd,False,deleted_with_user_approval
G,plots/DT_control/exp_name=step1/threshold_sensitivity/archive/inj_rate_vs_threshold__sample=128_#5.png,26238,58469764898562cb90af414e0ad9b8432059782e32718b6a73e9c67a78b29520,False,deleted_with_user_approval
G,plots/DT_control/exp_name=step1/threshold_sensitivity/archive/inj_rate_vs_threshold__sample=128_#6.png,26688,87c3f76932209295efc194b438099880ea2667a3b6bda76915c7bd618fde4c01,False,deleted_with_user_approval
G,plots/DT_control/exp_name=step1/threshold_sensitivity/archive/inj_rate_vs_threshold__sample=128_#7.png,26877,3a33e48e73600d3e5b092563dc2f85e4360baae930d77080a49635abc2c27c6c,False,deleted_with_user_approval
G,plots/DT_control/exp_name=step1/threshold_sensitivity/archive/inj_rate_vs_threshold__sample=128_#8.png,26273,c70b2adf486873a7a0a5625ff1a3d9e73bfeebde064f74ca655d6671f725f3e1,False,deleted_with_user_approval
G,plots/DT_control/exp_name=step1/threshold_sensitivity/archive/inj_rate_vs_threshold__sample=128_#9.png,25969,e31a91f6308830b8177b0972a137f2bbf0d09049d9c6ab7c3ce27ebc2a0e32a9,False,deleted_with_user_approval
G,plots/DT_control/exp_name=step1/threshold_sensitivity/archive/objective_vs_threshold__sample=128_#1.png,44199,c98af7f77e1e9e53aa4b05388713f8873d7cc7d1a130536fc780faa8db560ce7,False,deleted_with_user_approval
G,plots/DT_control/exp_name=step1/threshold_sensitivity/archive/objective_vs_threshold__sample=128_#10.png,40888,16cb46681258da456d25bfd49e1665c3174e6bfb85fcb80b47ea3c066c348f67,False,deleted_with_user_approval
G,plots/DT_control/exp_name=step1/threshold_sensitivity/archive/objective_vs_threshold__sample=128_#2.png,45961,422a54081ffeaf427e99e701b1606047400e9de3ca67a43010578eb454bfd0fc,False,deleted_with_user_approval
G,plots/DT_control/exp_name=step1/threshold_sensitivity/archive/objective_vs_threshold__sample=128_#3.png,45926,e742545585087b0fae89ee20f1801785c8f717eab457b4b7b725f591aa031496,False,deleted_with_user_approval
G,plots/DT_control/exp_name=step1/threshold_sensitivity/archive/objective_vs_threshold__sample=128_#4.png,47131,1e95a421dc15eabb02028e29f13e0531c203b0e4e14b35b58637e638a30612b6,False,deleted_with_user_approval
G,plots/DT_control/exp_name=step1/threshold_sensitivity/archive/objective_vs_threshold__sample=128_#5.png,42558,bc0c339ef9ab7cae10b1e90a4c46459c40a4091a83fa1722a7c8d91501d9a8b8,False,deleted_with_user_approval
G,plots/DT_control/exp_name=step1/threshold_sensitivity/archive/objective_vs_threshold__sample=128_#6.png,35552,c42c067a613e349481859111dc7e018e6b69ddf8dd72e465a7b396965726f13a,False,deleted_with_user_approval
G,plots/DT_control/exp_name=step1/threshold_sensitivity/archive/objective_vs_threshold__sample=128_#7.png,42820,c5ac235bf40afc985a7f03fa5e226b1cbab1e8fbe20e3bb7074251bd88a6609c,False,deleted_with_user_approval
G,plots/DT_control/exp_name=step1/threshold_sensitivity/archive/objective_vs_threshold__sample=128_#8.png,37803,96b869e50d9825bd137e8034ce9f98f3ae3b605e84793df87d78b5c33bd2b20d,False,deleted_with_user_approval
G,plots/DT_control/exp_name=step1/threshold_sensitivity/archive/objective_vs_threshold__sample=128_#9.png,30460,08b6b599bcea92c2ad7296478e1b7354bef547069462e298a17eb8e3b722cce3,False,deleted_with_user_approval
G,plots/DT_control/exp_name=step1/threshold_sensitivity/archive/pof_vs_threshold__sample=128_#1.png,53170,fc2c6fa9fb2a3e847bc5fb975f2224c267795ebf511844dd1096a490f91ea830,False,deleted_with_user_approval
G,plots/DT_control/exp_name=step1/threshold_sensitivity/archive/pof_vs_threshold__sample=128_#10.png,55230,f5ef3cb98ad7dd40c5eabec1e3cf320a2b5aa152e1ee4c2f14d384fa234cc7dd,False,deleted_with_user_approval
G,plots/DT_control/exp_name=step1/threshold_sensitivity/archive/pof_vs_threshold__sample=128_#2.png,55013,69a0284933cf70336bb6c5775f8f9a3cd80efc1c6b838b22fe91cc48068c881b,False,deleted_with_user_approval
G,plots/DT_control/exp_name=step1/threshold_sensitivity/archive/pof_vs_threshold__sample=128_#3.png,54944,9183bab6c264e74275ba74689bc5143ef5814e87c8f953758a8f319527380785,False,deleted_with_user_approval
G,plots/DT_control/exp_name=step1/threshold_sensitivity/archive/pof_vs_threshold__sample=128_#4.png,52358,ebeef5976a3db91907c4d8643c2b988f244c973171f21fbe551e29c33b7e9356,False,deleted_with_user_approval
G,plots/DT_control/exp_name=step1/threshold_sensitivity/archive/pof_vs_threshold__sample=128_#5.png,49196,2764ce22e942bc869828bb4bb97c6875cff2c6d8d02a2b66383cca9c09ebc1d7,False,deleted_with_user_approval
G,plots/DT_control/exp_name=step1/threshold_sensitivity/archive/pof_vs_threshold__sample=128_#6.png,29276,d3412a39afdc9f3d2ded050a7ece895b491cad21f0cb8ecc5dcb42254b1ce40d,False,deleted_with_user_approval
G,plots/DT_control/exp_name=step1/threshold_sensitivity/archive/pof_vs_threshold__sample=128_#7.png,50524,60f701db08fe817db8f4ece82f8a4e55e7cfd0508108de8a791e274dedbb4f36,False,deleted_with_user_approval
G,plots/DT_control/exp_name=step1/threshold_sensitivity/archive/pof_vs_threshold__sample=128_#8.png,52661,9e4658f032f916b2e55f1e788275101d8f7e9f2de40353e0e16392226abaf6a3,False,deleted_with_user_approval
G,plots/DT_control/exp_name=step1/threshold_sensitivity/archive/pof_vs_threshold__sample=128_#9.png,28173,2fbc1637fb34ad3281d6fbb266d880d0ad49188b099f9bb9da85b7027f5d5e0a,False,deleted_with_user_approval
G,plots/DT_control/exp_name=step1/threshold_sensitivity/archive/sensitivity_summary__sample=128_#1.png,114031,dd8edbdeebeb70f2684ecb9ed1983c9ae87bc4a3f5f70ba3ddf7a5a2bf230343,False,deleted_with_user_approval
G,plots/DT_control/exp_name=step1/threshold_sensitivity/archive/sensitivity_summary__sample=128_#10.png,126893,f203c082141eb13030701390c942d096fab8e5220e8fe9511a0bce876b9a5a7e,False,deleted_with_user_approval
G,plots/DT_control/exp_name=step1/threshold_sensitivity/archive/sensitivity_summary__sample=128_#2.png,114950,af5ad5cdd5ec37d663577d69f2bc5f867912d5d832d35f090fea0c1c02e075df,False,deleted_with_user_approval
G,plots/DT_control/exp_name=step1/threshold_sensitivity/archive/sensitivity_summary__sample=128_#3.png,114859,d575fd3beef413cb68a5f8c4c91fd255b89b189c2790c90e913f668846f30700,False,deleted_with_user_approval
G,plots/DT_control/exp_name=step1/threshold_sensitivity/archive/sensitivity_summary__sample=128_#4.png,119979,cee2888f3b20afafb24497e61b04e7516545639f79a86980b4c569888fbaf680,False,deleted_with_user_approval
G,plots/DT_control/exp_name=step1/threshold_sensitivity/archive/sensitivity_summary__sample=128_#5.png,107162,185874d3bbb05e573a4df0d471154ace45e0a2c5d9011fbc3b32e8fd0073f988,False,deleted_with_user_approval
G,plots/DT_control/exp_name=step1/threshold_sensitivity/archive/sensitivity_summary__sample=128_#6.png,71976,f0b19b75af4f48d2134555a0913fe788199ad8f896298ceb17de45a4d13107c0,False,deleted_with_user_approval
G,plots/DT_control/exp_name=step1/threshold_sensitivity/archive/sensitivity_summary__sample=128_#7.png,112458,2104d7cf151fbc960aabc91bad94aaf40bd1e97fbaeb4b48daf98040ffdad962,False,deleted_with_user_approval
G,plots/DT_control/exp_name=step1/threshold_sensitivity/archive/sensitivity_summary__sample=128_#8.png,107224,902c406f72fd55469ce44e9e6962bfd6c5246a8f95b5b2257033b6561579fea0,False,deleted_with_user_approval
G,plots/DT_control/exp_name=step1/threshold_sensitivity/archive/sensitivity_summary__sample=128_#9.png,64050,a97bd570210ead2e80735387e991843d32a3739530271b6a02c1a1547a8265c2,False,deleted_with_user_approval
G,plots/DT_control/exp_name=step1/threshold_sensitivity/comprehensive_threshold_sensitivity_sample=128.png,123559,2ea0514845609466ef7095e5acc19b4acc1a4610ebe78892727d3fc49779941d,False,deleted_with_user_approval
G,plots/DT_control/exp_name=step1/threshold_sensitivity/cvar_pof_ratio_sample=128.png,64010,8e2717ae1bfef3b8bbf4bf55695bf8553b022917ddc7f28ad35ddde4d881411f,False,deleted_with_user_approval
G,plots/DT_control/exp_name=step1/threshold_sensitivity/cvar_pof_ratio_sample=128_#1.png,64010,8e2717ae1bfef3b8bbf4bf55695bf8553b022917ddc7f28ad35ddde4d881411f,False,deleted_with_user_approval
G,plots/DT_control/exp_name=step1/threshold_sensitivity/cvar_pof_ratio_sample=128_#2.png,64010,8e2717ae1bfef3b8bbf4bf55695bf8553b022917ddc7f28ad35ddde4d881411f,False,deleted_with_user_approval
G,plots/DT_control/exp_name=step1/threshold_sensitivity/cvar_vs_threshold_sample=128.png,33246,cc2f88db62c85f2e733527cb4a8b851e587d8406782b0012d8e802133d7be98d,False,deleted_with_user_approval
G,plots/DT_control/exp_name=step1/threshold_sensitivity/dual_axis_comparison_sample=128.png,87151,2f53aeb252e643b9dd3ad6f4a1b932ab75e1ec1aa8eba8d017249a038ddfd2c4,False,deleted_with_user_approval
G,plots/DT_control/exp_name=step1/threshold_sensitivity/dual_axis_comparison_sample=128_#1.png,87151,2f53aeb252e643b9dd3ad6f4a1b932ab75e1ec1aa8eba8d017249a038ddfd2c4,False,deleted_with_user_approval
G,plots/DT_control/exp_name=step1/threshold_sensitivity/dual_axis_comparison_sample=128_#2.png,87151,2f53aeb252e643b9dd3ad6f4a1b932ab75e1ec1aa8eba8d017249a038ddfd2c4,False,deleted_with_user_approval
G,plots/DT_control/exp_name=step1/threshold_sensitivity/inj_rate_comparison_advanced_sample=128.png,54247,05c218a90321d520b0120c2accbcbc3845ca2d0e83cc966014d0a81343ff540c,False,deleted_with_user_approval
G,plots/DT_control/exp_name=step1/threshold_sensitivity/inj_rate_comparison_sample=128.png,53023,0cce4ce75c2c97004860a2abee96a4ad8fe632bc8d31e2fcaa6cece3bfafcd2b,False,deleted_with_user_approval
G,plots/DT_control/exp_name=step1/threshold_sensitivity/inj_rate_vs_threshold_sample=128.png,26672,48d61f02a910077c6b73ef7f6aa03dda797da41b4c4e07c39601f4d4d9e3bbfb,False,deleted_with_user_approval
G,plots/DT_control/exp_name=step1/threshold_sensitivity/normalized_comparison_sample=128.png,83833,c98d6cf78548b0970728ae7e22ba0a51d736fcbdccc274dedae5644036e5970d,False,deleted_with_user_approval
G,plots/DT_control/exp_name=step1/threshold_sensitivity/normalized_comparison_sample=128_#1.png,83833,c98d6cf78548b0970728ae7e22ba0a51d736fcbdccc274dedae5644036e5970d,False,deleted_with_user_approval
G,plots/DT_control/exp_name=step1/threshold_sensitivity/normalized_comparison_sample=128_#2.png,83833,c98d6cf78548b0970728ae7e22ba0a51d736fcbdccc274dedae5644036e5970d,False,deleted_with_user_approval
G,plots/DT_control/exp_name=step1/threshold_sensitivity/objective_vs_threshold_sample=128.png,44337,e7dd9dbad766acdec17dca492a5da4fa1c4cc9d50df686e22b67e3938d8d23ac,False,deleted_with_user_approval
G,plots/DT_control/exp_name=step1/threshold_sensitivity/pof_cvar_separate_sample=128.png,100006,875b9515b4390c62a56256e3833e0696f9c6162d33c28065eb94a9cf48971b5a,False,deleted_with_user_approval
G,plots/DT_control/exp_name=step1/threshold_sensitivity/pof_cvar_vs_threshold_sample=128.png,87993,3e131c569e0e897215aa35ed65654b2c62ba8682a99fdafe53a00ec994388391,False,deleted_with_user_approval
G,plots/DT_control/exp_name=step1/threshold_sensitivity/pof_vs_threshold_sample=128.png,55013,69a0284933cf70336bb6c5775f8f9a3cd80efc1c6b838b22fe91cc48068c881b,False,deleted_with_user_approval
G,plots/DT_control/exp_name=step1/threshold_sensitivity/relative_change_comparison_sample=128.png,87058,d06930cc6ade7d7174c32652d7d9bcf0a44757dfa0271b765bea7a9949791fb0,False,deleted_with_user_approval
G,plots/DT_control/exp_name=step1/threshold_sensitivity/relative_change_comparison_sample=128_#1.png,87058,d06930cc6ade7d7174c32652d7d9bcf0a44757dfa0271b765bea7a9949791fb0,False,deleted_with_user_approval
G,plots/DT_control/exp_name=step1/threshold_sensitivity/relative_change_comparison_sample=128_#2.png,87058,d06930cc6ade7d7174c32652d7d9bcf0a44757dfa0271b765bea7a9949791fb0,False,deleted_with_user_approval
G,plots/DT_control/exp_name=step1/threshold_sensitivity/risk_metrics_vs_threshold_sample=128.png,71751,429315bdde7861cd3a9e8e69b800a74f030fd7131a50dd81ebc76425dc35d991,False,deleted_with_user_approval
G,plots/DT_control/exp_name=step1/threshold_sensitivity/sensitivity_summary_sample=128.png,113874,ebb2f2641ec163f5d0849398c9b58877fa9bd66b49616d8ad92f708dfc99d9dc,False,deleted_with_user_approval
G,plots/DT_control/exp_name=step1/threshold_sensitivity/解读说明.md,5926,3f55b975e9a711579a17044cd4f42aef41d744df515c397900dc5500905fd3b2,False,deleted_with_user_approval
U,scripts/julia_scripts/archive/optim_inject_cruyff_forward1.jl,21328,d5153d88506c238844d8957b66bff54f4793faf2e6d1026eb85e685274ae3813,True,deleted_with_user_approval
U,scripts/julia_scripts/archive/optim_inject_forward1.jl,19926,ed2ba8a6c86109d71fcf9540ec65d621996a4c3b2d4e99ff0025b6831f3e1d68,True,deleted_with_user_approval
U,scripts/julia_scripts/archive/optim_inject_log_barrier.jl,25132,0c6ec146f40584a0764b9ec60985507972109cf5886d2b72cc47805656fc5587,True,deleted_with_user_approval
U,scripts/julia_scripts/archive/optim_inject_new_stop.jl,46098,46e9eb3b0f69cf9e1bea497bb25a9976a40c294da86ac48771c79869a7f5b8d2,True,deleted_with_user_approval
U,scripts/julia_scripts/archive/optim_inject_old.jl,25133,c1fb0572a65bb82f8f74f26328aa792d4074510d0dc9c2aa145f068765f2b698,True,deleted_with_user_approval
U,scripts/julia_scripts/archive/plot_fake_old.jl,11492,2b583bea9497173623187ee8771bdb04328c6012200a5783c2970a858300cb9a,True,deleted_with_user_approval
U,scripts/julia_scripts/archive/plot_fake.jl,7588,40a05c2123da2bf3d8d20562d655bf4938634404370448e632783dd30bcc546d,True,deleted_with_user_approval
U,scripts/julia_scripts/archive/test.jl,606,3dcbb5816ebfc8c8ba077e54f15c1f3d39661a58959cad0b859aa86724895dee,True,deleted_with_user_approval
U,scripts/python_tools/maintenance/patch_plotting_paths.py,7228,c323e79865f5845624b9f6065da3f248d7c81bb1bb0abe4cf905e5916fc0efcf,True,deleted_with_user_approval
U,scripts/python_tools/maintenance/patch_shell_paths.py,3027,3d14806eb987349c39b7db36c54ee967f2a63d08ed1a8aac5ce7f9d9c22116ed,True,deleted_with_user_approval
U,scripts/python_tools/maintenance/reorganize_plotting_layout.py,7726,7b6c6b67afb2c3a4b8e40b49a48ade34db5ecd52b2ca6be2b989c6d55f521a78,True,deleted_with_user_approval
U,scripts/python_tools/maintenance/reorganize_shell_layout.py,3173,4e29ca21e682cbe5037d390f738013b3142b8ffb41602f6ff1b5ef50df45debe,True,deleted_with_user_approval
